time;CH1;CH2
-0.044;14.2;2.16
-0.0436;14.2;2.24
-0.0432;14.2;2.16
-0.0428;14.2;2.16
-0.0424;14.2;2.16
-0.042;14.2;2.16
-0.0416;14.2;2.16
-0.0412;14.2;2.24
-0.0408;14.2;2.16
-0.0404;14.2;2.16
-0.04;14.2;2.24
-0.0396;14.2;2.16
-0.0392;14.2;2.16
-0.0388;14.2;2.16
-0.0384;14.2;2.16
-0.038;14.2;2.16
-0.0376;14.2;2.16
-0.0372;14.2;2.16
-0.0368;14.2;2.16
-0.0364;14.4;2.24
-0.036;14.2;2.16
-0.0356;14.2;2.16
-0.0352;14.2;2.24
-0.0348;14.2;2.16
-0.0344;14.2;2.16
-0.034;14.2;2.16
-0.0336;14.2;2.16
-0.0332;14.2;2.24
-0.0328;14.2;2.16
-0.0324;14.4;2.16
-0.032;14.2;2.24
-0.0316;14.4;2.16
-0.0312;14.2;2.16
-0.0308;14.2;2.16
-0.0304;14.2;2.16
-0.03;14.2;2.16
-0.0296;14.2;2.16
-0.0292;14.2;2.16
-0.0288;14.2;2.16
-0.0284;14.2;2.16
-0.028;14.4;2.16
-0.0276;14.4;2.24
-0.0272;14.2;2.16
-0.0268;14.2;2.16
-0.0264;14.2;2.16
-0.026;14.2;2.16
-0.0256;14.2;2.16
-0.0252;14.2;2.16
-0.0248;14.4;2.16
-0.0244;14.2;2.16
-0.024;14.2;2.16
-0.0236;14.2;2.16
-0.0232;14.2;2.16
-0.0228;14.4;2.16
-0.0224;14.4;2.16
-0.022;14.2;2.16
-0.0216;14.2;2.16
-0.0212;14.2;2.16
-0.0208;14.2;2.08
-0.0204;14.2;2.16
-0.02;14.2;2.16
-0.0196;14.2;2.24
-0.0192;14.2;2.16
-0.0188;14.2;2.16
-0.0184;14.2;2.16
-0.018;14.2;2.16
-0.0176;14.2;2.16
-0.0172;14.2;2.16
-0.0168;14.2;2.16
-0.0164;14.2;2.16
-0.016;14.2;2.24
-0.0156;14.2;2.16
-0.0152;14.2;2.16
-0.0148;14.2;2.16
-0.0144;14.2;2.16
-0.014;14.2;2.16
-0.0136;14.2;2.16
-0.0132;14.2;2.16
-0.0128;14.2;2.08
-0.0124;14.2;2.16
-0.012;14.2;2.16
-0.0116;14.2;2.16
-0.0112;14.4;2.16
-0.0108;14.2;2.16
-0.0104;14.4;2.16
-0.01;14.2;2.16
-0.0096;14.2;2.16
-0.0092;14.2;2.16
-0.0088;14.2;2.16
-0.0084;14.2;2.16
-0.008;14.2;2.16
-0.0076;14.2;2.16
-0.0072;14.2;2.16
-0.0068;14.2;2.16
-0.0064;14.2;2.16
-0.006;14.2;2.16
-0.0056;14.2;2.16
-0.0052;14.2;2.16
-0.0048;14.2;2.16
-0.0044;14.2;2.16
-0.004;14.2;2.24
-0.0036;14.2;2.16
-0.0032;14.2;2.16
-0.0028;14.2;2.16
-0.0024;14.2;2.16
-0.002;14.2;2.24
-0.0016;13.6;2.32
-0.0012;11.6;2.24
-0.0008;9.4;1.92
-0.0004;7.4;1.76
6.9388939039072284e-18;5.6;1.6
0.0004;4.2;0.8
0.0008;3.2;-2.72
0.0012;2.4;-7.52
0.0016;1.8;-8.8
0.002;1.2;-8.72
0.0024;0.8;-8.4
0.0028;0.8;-8.08
0.0032;0.4;-7.76
0.0036;0.4;-7.36
0.004;0.2;-7.12
0.0044;0.2;-6.8
0.0048;0.2;-6.48
0.0052;0;-6.16
0.0056;0;-5.92
0.006;0.2;-5.6
0.0064;0;-5.44
0.0068;0.2;-5.12
0.0072;0;-4.96
0.0076;0;-4.72
0.008;0.2;-4.48
0.0084;0;-4.32
0.0088;0.2;-4.08
0.0092;0;-4
0.0096;0;-3.76
0.01;0.2;-3.6
0.0104;0;-3.44
0.0108;0;-3.36
0.0112;0;-3.2
0.0116;0.2;-3.12
0.012;0.2;-2.96
0.0124;0;-2.88
0.0128;0;-2.8
0.0132;0;-2.72
0.0136;0.2;-2.64
0.014;0.2;-2.64
0.0144;0.2;-2.48
0.0148;0.2;-2.48
0.0152;0.2;-2.48
0.0156;0.2;-2.4
0.016;0.2;-2.4
0.0164;0;-2.32
0.0168;0.2;-2.24
0.0172;0.2;-2.24
0.0176;0.2;-2.24
0.018;0.2;-2.16
0.0184;0.2;-2.16
0.0188;0.2;-2.16
0.0192;0.2;-2.16
0.0196;0.2;-2.16
0.02;0.2;-2.08
0.0204;0.4;-2.08
0.0208;0.2;-2.08
0.0212;0.2;-2.08
0.0216;0.2;-2.08
0.022;0.2;-2.08
0.0224;0.2;-2
0.0228;0.4;-2
0.0232;0.4;-2
0.0236;0.4;-2
0.024;0.4;-2
0.0244;0.4;-2
0.0248;0.4;-2
0.0252;0.4;-2.08
0.0256;0.4;-2
0.026;0.4;-2
0.0264;0.4;-2.08
0.0268;0.4;-2
0.0272;0.4;-2
0.0276;0.2;-2.08
0.028;0.4;-2.08
0.0284;0.4;-2.08
0.0288;0.4;-2.08
0.0292;0.4;-2.08
0.0296;0.4;-2.16
0.03;0.4;-2.16
0.0304;0.4;-2.16
0.0308;0.4;-2.16
0.0312;0.4;-2.16
0.0316;0.6;-2.16
0.032;0.4;-2.16
0.0324;0.4;-2.16
0.0328;0.6;-2.16
0.0332;0.4;-2.16
0.0336;0.4;-2.16
0.034;0.6;-2.24
0.0344;0.6;-2.24
0.0348;0.6;-2.24
0.0352;0.4;-2.24
0.0356;0.6;-2.24
0.036;0.4;-2.24
0.0364;0.6;-2.24
0.0368;0.6;-2.24
0.0372;0.6;-2.24
0.0376;0.6;-2.32
0.038;0.6;-2.32
0.0384;0.6;-2.32
0.0388;0.6;-2.32
0.0392;0.6;-2.32
0.0396;0.6;-2.4
0.04;0.6;-2.4
0.0404;0.6;-2.4
0.0408;0.6;-2.48
0.0412;0.6;-2.48
0.0416;0.6;-2.48
0.042;0.6;-2.48
0.0424;0.6;-2.48
0.0428;0.6;-2.48
0.0432;0.8;-2.56
0.0436;0.8;-2.56
0.044;0.6;-2.56
0.0444;0.8;-2.64
0.0448;0.6;-2.64
0.0452;0.8;-2.72
0.0456;0.8;-2.72
0.046;0.8;-2.72
0.0464;0.6;-2.8
0.0468;0.8;-2.8
0.0472;0.8;-2.88
0.0476;0.8;-2.88
0.048;0.8;-2.88
0.0484;0.8;-2.88
0.0488;0.8;-2.88
0.0492;0.8;-2.88
0.0496;0.8;-2.96
0.05;0.8;-2.96
0.0504;0.8;-2.96
0.0508;0.8;-3.04
0.0512;0.8;-3.04
0.0516;0.8;-3.12
0.052;0.8;-3.12
0.0524;0.8;-3.12
0.0528;0.8;-3.12
0.0532;0.8;-3.12
0.0536;0.8;-3.12
0.054;0.8;-3.2
0.0544;0.8;-3.2
0.0548;0.8;-3.2
0.0552;0.8;-3.28
0.0556;0.8;-3.28
0.056;0.8;-3.28
0.0564;0.8;-3.36
0.0568;0.8;-3.28
0.0572;0.8;-3.36
0.0576;0.8;-3.44
0.058;0.8;-3.44
0.0584;0.8;-3.52
0.0588;1;-3.6
0.0592;0.8;-3.52
0.0596;1;-3.6
0.06;0.8;-3.6
0.0604;1;-3.6
0.0608;1;-3.6
0.0612;1;-3.6
0.0616;1;-3.68
0.062;1;-3.76
0.0624;1;-3.76
0.0628;1;-3.76
0.0632;1;-3.84
0.0636;1;-3.84
0.064;1;-3.92
0.0644;1;-3.92
0.0648;1;-3.92
0.0652;1;-4
0.0656;1;-4
0.066;1;-3.92
0.0664;1;-4
0.0668;1;-4
0.0672;1;-4
0.0676;1;-4.08
0.068;1.2;-4.08
0.0684;1;-4.16
0.0688;1.2;-4.16
0.0692;1.2;-4.16
0.0696;1.2;-4.16
0.07;1;-4.24
0.0704;1;-4.16
0.0708;1;-4.24
0.0712;1;-4.32
0.0716;1.2;-4.24
0.072;1.2;-4.32
0.0724;1.2;-4.32
0.0728;1.2;-4.32
0.0732;1.2;-4.32
0.0736;1.2;-4.4
0.074;1.2;-4.4
0.0744;1.2;-4.4
0.0748;1.2;-4.4
0.0752;1.2;-4.48
0.0756;1.2;-4.4
0.076;1.2;-4.48
0.0764;1.2;-4.48
0.0768;1.2;-4.48
0.0772;1.2;-4.48
0.0776;1.2;-4.48
0.078;1.2;-4.48
0.0784;1.2;-4.56
0.0788;1.4;-4.56
0.0792;1.2;-4.56
0.0796;1.2;-4.56
0.08;1.2;-4.64
0.0804;1.2;-4.64
0.0808;1.4;-4.64
0.0812;1.4;-4.64
0.0816;1.4;-4.64
0.082;1.2;-4.64
0.0824;1.4;-4.64
0.0828;1.4;-4.64
0.0832;1.4;-4.72
0.0836;1.4;-4.64
0.084;1.4;-4.72
0.0844;1.4;-4.72
0.0848;1.4;-4.72
0.0852;1.4;-4.72
0.0856;1.4;-4.72
0.086;1.4;-4.72
0.0864;1.4;-4.72
0.0868;1.4;-4.72
0.0872;1.4;-4.72
0.0876;1.4;-4.72
0.088;1.4;-4.72
0.0884;1.4;-4.72
0.0888;1.4;-4.72
0.0892;1.4;-4.72
0.0896;1.4;-4.64
0.09;1.4;-4.72
0.0904;1.4;-4.72
0.0908;1.4;-4.72
0.0912;1.4;-4.72
0.0916;1.6;-4.72
0.092;1.4;-4.72
0.0924;1.4;-4.72
0.0928;1.4;-4.72
0.0932;1.4;-4.64
0.0936;1.4;-4.72
0.094;1.4;-4.64
0.0944;1.4;-4.72
0.0948;1.6;-4.64
0.0952;1.6;-4.64
0.0956;1.4;-4.64
0.096;1.4;-4.64
0.0964;1.4;-4.56
0.0968;1.6;-4.64
0.0972;1.6;-4.56
0.0976;1.6;-4.56
0.098;1.6;-4.56
0.0984;1.6;-4.56
0.0988;1.6;-4.56
0.0992;1.6;-4.56
0.0996;1.6;-4.56
0.1;1.6;-4.56
0.1004;1.6;-4.48
0.1008;1.6;-4.48
0.1012;1.6;-4.48
0.1016;1.6;-4.48
0.102;1.6;-4.4
0.1024;1.6;-4.48
0.1028;1.6;-4.48
0.1032;1.8;-4.4
0.1036;1.8;-4.4
0.104;1.6;-4.4
0.1044;1.8;-4.32
0.1048;1.6;-4.32
0.1052;1.8;-4.32
0.1056;1.6;-4.32
0.106;1.6;-4.24
0.1064;1.8;-4.32
0.1068;1.8;-4.24
0.1072;1.8;-4.24
0.1076;1.6;-4.24
0.108;1.8;-4.24
0.1084;1.8;-4.16
0.1088;1.6;-4.08
0.1092;1.8;-4.08
0.1096;1.8;-4.08
0.11;1.8;-4
0.1104;1.8;-4
0.1108;1.8;-4
0.1112;1.8;-4
0.1116;1.8;-4
0.112;1.8;-3.92
0.1124;1.8;-3.92
0.1128;1.8;-3.92
0.1132;1.8;-3.84
0.1136;1.8;-3.84
0.114;1.8;-3.84
0.1144;1.8;-3.84
0.1148;2;-3.76
0.1152;1.8;-3.76
0.1156;1.8;-3.68
0.116;2;-3.68
0.1164;2;-3.68
0.1168;1.8;-3.6
0.1172;1.8;-3.6
0.1176;2;-3.6
0.118;2;-3.52
0.1184;2;-3.52
0.1188;1.8;-3.52
0.1192;2;-3.44
0.1196;2;-3.36
0.12;2;-3.44
0.1204;2;-3.36
0.1208;2;-3.36
0.1212;2;-3.28
0.1216;2;-3.28
0.122;2;-3.28
0.1224;2;-3.28
0.1228;2;-3.2
0.1232;2;-3.12
0.1236;2;-3.2
0.124;2;-3.2
0.1244;2;-3.12
0.1248;2;-3.04
0.1252;2;-3.04
0.1256;2;-2.96
0.126;2;-2.96
0.1264;2;-2.88
0.1268;2;-2.88
0.1272;2;-2.88
0.1276;2;-2.88
0.128;2;-2.88
0.1284;2;-2.8
0.1288;2;-2.8
0.1292;2;-2.8
0.1296;2;-2.8
0.13;2;-2.8
0.1304;2.2;-2.72
0.1308;2.2;-2.64
0.1312;2;-2.64
0.1316;2;-2.64
0.132;2;-2.64
0.1324;2;-2.56
0.1328;2.2;-2.56
0.1332;2.2;-2.56
0.1336;2.2;-2.48
0.134;2.2;-2.48
0.1344;2.2;-2.48
0.1348;2;-2.4
0.1352;2.2;-2.4
0.1356;2.2;-2.32
0.136;2.2;-2.32
0.1364;2.2;-2.24
0.1368;2.2;-2.24
0.1372;2.2;-2.24
0.1376;2.2;-2.16
0.138;2.2;-2.16
0.1384;2.2;-2.16
0.1388;2.2;-2.08
0.1392;2.2;-2.08
0.1396;2.2;-2
0.14;2.2;-2
0.1404;2.2;-2
0.1408;2.2;-2
0.1412;2.2;-1.92
0.1416;2.2;-1.92
0.142;2.2;-1.92
0.1424;2.2;-1.84
0.1428;2.2;-1.76
0.1432;2.2;-1.76
0.1436;2.2;-1.76
0.144;2.2;-1.76
0.1444;2.4;-1.68
0.1448;2.2;-1.68
0.1452;2.2;-1.68
0.1456;2.2;-1.6
0.146;2.4;-1.6
0.1464;2.4;-1.6
0.1468;2.2;-1.6
0.1472;2.2;-1.6
0.1476;2.4;-1.52
0.148;2.4;-1.52
0.1484;2.4;-1.52
0.1488;2.4;-1.52
0.1492;2.4;-1.44
0.1496;2.4;-1.44
0.15;2.4;-1.44
0.1504;2.4;-1.44
0.1508;2.4;-1.36
0.1512;2.4;-1.36
0.1516;2.4;-1.36
0.152;2.4;-1.28
0.1524;2.4;-1.28
0.1528;2.4;-1.28
0.1532;2.4;-1.28
0.1536;2.6;-1.28
0.154;2.4;-1.2
0.1544;2.4;-1.2
0.1548;2.4;-1.12
0.1552;2.4;-1.12
0.1556;2.4;-1.12
0.156;2.4;-1.04
0.1564;2.6;-1.04
0.1568;2.4;-1.04
0.1572;2.4;-1.04
0.1576;2.4;-0.96
0.158;2.6;-0.96
0.1584;2.6;-0.96
0.1588;2.4;-0.88
0.1592;2.4;-0.88
0.1596;2.6;-0.88
0.16;2.6;-0.8
0.1604;2.6;-0.8
0.1608;2.6;-0.8
0.1612;2.6;-0.8
0.1616;2.6;-0.72
0.162;2.6;-0.72
0.1624;2.6;-0.72
0.1628;2.6;-0.72
0.1632;2.6;-0.72
0.1636;2.6;-0.72
0.164;2.6;-0.72
0.1644;2.8;-0.72
0.1648;2.6;-0.64
0.1652;2.6;-0.64
0.1656;2.6;-0.56
0.166;2.6;-0.56
0.1664;2.6;-0.56
0.1668;2.6;-0.56
0.1672;2.8;-0.48
0.1676;2.8;-0.48
0.168;2.6;-0.48
0.1684;2.6;-0.48
0.1688;2.8;-0.48
0.1692;2.8;-0.48
0.1696;2.8;-0.4
0.17;2.8;-0.4
0.1704;2.8;-0.32
0.1708;2.8;-0.4
0.1712;2.8;-0.32
0.1716;2.8;-0.32
0.172;2.8;-0.32
0.1724;2.8;-0.24
0.1728;2.8;-0.24
0.1732;2.8;-0.24
0.1736;2.8;-0.24
0.174;2.8;-0.24
0.1744;2.8;-0.16
0.1748;2.8;-0.16
0.1752;2.8;-0.16
0.1756;2.8;-0.16
0.176;2.8;-0.16
0.1764;2.8;-0.16
0.1768;2.8;-0.08
0.1772;2.8;-0.08
0.1776;2.8;-0.08
0.178;2.8;-0.08
0.1784;2.8;0
0.1788;2.8;-0.08
0.1792;2.8;0
0.1796;2.8;0
0.18;2.8;0
0.1804;3;0
0.1808;2.8;0.08
0.1812;2.8;0.08
0.1816;2.8;0.08
0.182;2.8;0.08
0.1824;3;0.08
0.1828;2.8;0.08
0.1832;3;0.08
0.1836;2.8;0.08
0.184;3;0.08
0.1844;2.8;0.08
0.1848;3;0.16
0.1852;3;0.16
0.1856;3;0.16
0.186;3;0.16
0.1864;3;0.16
0.1868;3;0.24
0.1872;3;0.24
0.1876;3;0.24
0.188;3;0.32
0.1884;3;0.32
0.1888;3;0.32
0.1892;3;0.32
0.1896;3;0.4
0.19;3;0.4
0.1904;3;0.32
0.1908;3;0.4
0.1912;3;0.4
0.1916;3.2;0.4
0.192;3.2;0.4
0.1924;3;0.4
0.1928;3;0.4
0.1932;3.2;0.48
0.1936;3.2;0.4
0.194;3;0.48
0.1944;3.2;0.48
0.1948;3;0.56
0.1952;3.2;0.56
0.1956;3.2;0.48
0.196;3.2;0.48
0.1964;3.2;0.48
0.1968;3.2;0.56
0.1972;3.2;0.48
0.1976;3.2;0.56
0.198;3.2;0.48
0.1984;3.2;0.56
0.1988;3.2;0.56
0.1992;3.2;0.56
0.1996;3.2;0.64
0.2;3.2;0.64
0.2004;3.2;0.64
0.2008;3.2;0.64
0.2012;3.2;0.64
0.2016;3.2;0.64
0.202;3.2;0.64
0.2024;3.2;0.64
0.2028;3.4;0.64
0.2032;3.2;0.64
0.2036;3.2;0.72
0.204;3.2;0.72
0.2044;3.4;0.72
0.2048;3.4;0.72
0.2052;3.4;0.72
0.2056;3.4;0.8
0.206;3.4;0.8
0.2064;3.4;0.72
0.2068;3.4;0.72
0.2072;3.4;0.72
0.2076;3.4;0.8
0.208;3.4;0.8
0.2084;3.4;0.8
0.2088;3.4;0.8
0.2092;3.4;0.8
0.2096;3.4;0.88
0.21;3.4;0.8
0.2104;3.4;0.8
0.2108;3.4;0.8
0.2112;3.4;0.88
0.2116;3.4;0.88
0.212;3.4;0.88
0.2124;3.4;0.88
0.2128;3.4;0.88
0.2132;3.4;0.8
0.2136;3.4;0.88
0.214;3.4;0.88
0.2144;3.4;0.88
0.2148;3.4;0.88
0.2152;3.4;0.88
0.2156;3.6;0.96
0.216;3.4;0.96
0.2164;3.4;0.96
0.2168;3.4;0.96
0.2172;3.6;0.96
0.2176;3.4;0.96
0.218;3.6;0.96
0.2184;3.4;0.96
0.2188;3.4;0.96
0.2192;3.6;0.96
0.2196;3.6;1.04
0.22;3.6;1.04
0.2204;3.4;1.04
0.2208;3.6;1.12
0.2212;3.6;1.12
0.2216;3.4;1.04
0.222;3.6;1.12
0.2224;3.6;1.04
0.2228;3.4;1.12
0.2232;3.6;1.12
0.2236;3.6;1.12
0.224;3.6;1.12
0.2244;3.6;1.12
0.2248;3.6;1.12
0.2252;3.6;1.12
0.2256;3.6;1.12
0.226;3.6;1.12
0.2264;3.6;1.12
0.2268;3.6;1.12
0.2272;3.6;1.12
0.2276;3.6;1.12
0.228;3.8;1.12
0.2284;3.6;1.12
0.2288;3.8;1.2
0.2292;3.6;1.12
0.2296;3.6;1.2
0.23;3.8;1.12
0.2304;3.8;1.12
0.2308;3.8;1.2
0.2312;3.8;1.12
0.2316;3.8;1.2
0.232;3.8;1.2
0.2324;3.8;1.2
0.2328;3.8;1.2
0.2332;3.8;1.2
0.2336;3.8;1.28
0.234;3.8;1.2
0.2344;3.8;1.2
0.2348;3.8;1.28
0.2352;3.8;1.28
0.2356;3.8;1.28
0.236;3.8;1.28
0.2364;3.8;1.28
0.2368;3.8;1.28
0.2372;3.8;1.28
0.2376;3.8;1.28
0.238;3.8;1.28
0.2384;3.8;1.36
0.2388;3.8;1.28
0.2392;3.8;1.28
0.2396;3.8;1.28
0.24;3.8;1.36
0.2404;4;1.36
0.2408;4;1.36
0.2412;3.8;1.28
0.2416;4;1.36
0.242;4;1.36
0.2424;3.8;1.36
0.2428;4;1.36
0.2432;4;1.36
0.2436;4;1.44
0.244;4;1.44
0.2444;4;1.36
0.2448;4;1.36
0.2452;4;1.36
0.2456;4;1.44
0.246;4;1.36
0.2464;4;1.36
0.2468;4.2;1.36
0.2472;4;1.44
0.2476;4;1.36
0.248;4;1.44
0.2484;4;1.36
0.2488;4;1.44
0.2492;4;1.44
0.2496;4;1.44
0.25;4.2;1.44
0.2504;4;1.44
0.2508;4;1.44
0.2512;4.2;1.44
0.2516;4;1.44
0.252;4;1.44
0.2524;4;1.44
0.2528;4.2;1.44
0.2532;4.2;1.44
0.2536;4.2;1.44
0.254;4.2;1.44
0.2544;4.2;1.52
0.2548;4.2;1.52
0.2552;4.2;1.52
0.2556;4.2;1.52
0.256;4.2;1.52
0.2564;4.2;1.52
0.2568;4.2;1.52
0.2572;4.2;1.52
0.2576;4.2;1.52
0.258;4.2;1.52
0.2584;4.2;1.52
0.2588;4.2;1.52
0.2592;4.2;1.52
0.2596;4.2;1.52
0.26;4.2;1.52
0.2604;4.2;1.52
0.2608;4.2;1.52
0.2612;4.2;1.52
0.2616;4.2;1.52
0.262;4.2;1.52
0.2624;4.2;1.52
0.2628;4.2;1.52
0.2632;4.2;1.52
0.2636;4.4;1.52
0.264;4.2;1.52
0.2644;4.2;1.52
0.2648;4.2;1.52
0.2652;4.2;1.52
0.2656;4.4;1.52
0.266;4.2;1.6
0.2664;4.2;1.52
0.2668;4.2;1.52
0.2672;4.4;1.6
0.2676;4.4;1.52
0.268;4.4;1.6
0.2684;4.4;1.6
0.2688;4.4;1.52
0.2692;4.4;1.6
0.2696;4.4;1.6
0.27;4.4;1.6
0.2704;4.2;1.6
0.2708;4.4;1.6
0.2712;4.4;1.6
0.2716;4.4;1.6
0.272;4.4;1.6
0.2724;4.4;1.6
0.2728;4.4;1.6
0.2732;4.4;1.6
0.2736;4.4;1.6
0.274;4.4;1.6
0.2744;4.4;1.6
0.2748;4.4;1.68
0.2752;4.4;1.6
0.2756;4.4;1.68
0.276;4.4;1.68
0.2764;4.4;1.6
0.2768;4.4;1.68
0.2772;4.4;1.68
0.2776;4.6;1.68
0.278;4.4;1.6
0.2784;4.4;1.6
0.2788;4.6;1.68
0.2792;4.4;1.6
0.2796;4.4;1.68
0.28;4.6;1.68
0.2804;4.4;1.6
0.2808;4.4;1.6
0.2812;4.6;1.68
0.2816;4.6;1.68
0.282;4.6;1.68
0.2824;4.6;1.68
0.2828;4.6;1.68
0.2832;4.6;1.76
0.2836;4.6;1.68
0.284;4.6;1.68
0.2844;4.6;1.68
0.2848;4.8;1.68
0.2852;4.6;1.68
0.2856;4.6;1.68
0.286;4.6;1.76
0.2864;4.6;1.68
0.2868;4.6;1.76
0.2872;4.6;1.76
0.2876;4.6;1.76
0.288;4.6;1.76
0.2884;4.6;1.76
0.2888;4.6;1.76
0.2892;4.6;1.76
0.2896;4.6;1.76
0.29;4.8;1.76
0.2904;4.6;1.68
0.2908;4.8;1.76
0.2912;4.6;1.76
0.2916;4.8;1.76
0.292;4.8;1.76
0.2924;4.8;1.76
0.2928;4.8;1.76
0.2932;4.8;1.76
0.2936;4.8;1.76
0.294;4.8;1.76
0.2944;4.8;1.76
0.2948;4.8;1.76
0.2952;4.8;1.76
0.2956;4.8;1.76
0.296;4.8;1.76
0.2964;4.8;1.76
0.2968;4.8;1.76
0.2972;4.8;1.76
0.2976;4.8;1.76
0.298;4.8;1.76
0.2984;4.8;1.76
0.2988;4.8;1.76
0.2992;4.8;1.76
0.2996;4.8;1.76
0.3;4.8;1.76
0.3004;4.8;1.76
0.3008;4.8;1.84
0.3012;4.8;1.76
0.3016;4.8;1.76
0.302;4.8;1.76
0.3024;4.8;1.76
0.3028;4.8;1.76
0.3032;4.8;1.84
0.3036;5;1.84
0.304;5;1.76
0.3044;4.8;1.84
0.3048;4.8;1.84
0.3052;5;1.84
0.3056;5;1.84
0.306;5;1.84
0.3064;5;1.84
0.3068;5;1.84
0.3072;5;1.84
0.3076;5;1.84
0.308;5;1.84
0.3084;5;1.84
0.3088;5;1.84
0.3092;5;1.76
0.3096;5;1.84
0.31;5;1.84
0.3104;5.2;1.84
0.3108;5;1.84
0.3112;5;1.84
0.3116;5;1.84
0.312;5;1.84
0.3124;5;1.84
0.3128;5;1.84
0.3132;5.2;1.84
0.3136;5;1.84
0.314;5;1.84
0.3144;5.2;1.84
0.3148;5;1.84
0.3152;5;1.84
0.3156;5;1.92
0.316;5.2;1.92
0.3164;5.2;1.84
0.3168;5.2;1.92
0.3172;5;1.84
0.3176;5.2;1.92
0.318;5.2;1.84
0.3184;5.2;1.84
0.3188;5.2;1.84
0.3192;5.2;1.84
0.3196;5.2;1.92
0.32;5.2;1.92
0.3204;5.2;1.92
0.3208;5.2;1.92
0.3212;5.2;1.84
0.3216;5.2;1.92
0.322;5.2;1.92
0.3224;5.4;1.92
0.3228;5.2;1.92
0.3232;5.2;1.92
0.3236;5.4;1.84
0.324;5.2;1.92
0.3244;5.2;1.92
0.3248;5.4;1.84
0.3252;5.2;1.92
0.3256;5.2;1.84
0.326;5.4;1.92
0.3264;5.2;1.92
0.3268;5.4;1.92
0.3272;5.4;1.92
0.3276;5.4;1.92
0.328;5.2;1.92
0.3284;5.4;1.92
0.3288;5.4;1.92
0.3292;5.4;1.92
0.3296;5.4;1.92
0.33;5.4;1.92
0.3304;5.4;1.92
0.3308;5.4;1.92
0.3312;5.4;1.92
0.3316;5.4;1.92
0.332;5.4;1.92
0.3324;5.4;1.92
0.3328;5.4;1.92
0.3332;5.4;1.92
0.3336;5.4;1.92
0.334;5.4;1.92
0.3344;5.4;1.92
0.3348;5.4;1.92
0.3352;5.4;1.92
0.3356;5.4;1.92
0.336;5.4;1.92
0.3364;5.4;1.92
0.3368;5.4;1.92
0.3372;5.4;1.92
0.3376;5.4;1.92
0.338;5.6;1.92
0.3384;5.6;1.92
0.3388;5.6;1.92
0.3392;5.4;1.92
0.3396;5.6;1.92
0.34;5.4;1.92
0.3404;5.6;1.92
0.3408;5.4;1.92
0.3412;5.4;1.92
0.3416;5.4;2
0.342;5.6;1.92
0.3424;5.6;1.92
0.3428;5.6;1.92
0.3432;5.4;1.92
0.3436;5.6;2
0.344;5.4;1.92
0.3444;5.6;1.92
0.3448;5.6;1.92
0.3452;5.6;1.92
0.3456;5.6;1.92
0.346;5.6;1.92
0.3464;5.6;2
0.3468;5.6;2
0.3472;5.6;1.92
0.3476;5.6;1.92
0.348;5.6;1.92
0.3484;5.6;1.92
0.3488;5.6;2
0.3492;5.6;2
0.3496;5.6;2
0.35;5.6;1.92
0.3504;5.8;2
0.3508;5.8;1.92
0.3512;5.8;1.92
0.3516;5.8;1.92
0.352;5.8;1.92
0.3524;5.8;2
0.3528;5.8;1.92
0.3532;5.6;2
0.3536;5.8;2
0.354;5.6;2
0.3544;5.8;2
0.3548;5.8;1.92
0.3552;5.8;2
0.3556;5.8;2
0.356;5.8;2
0.3564;5.8;2
0.3568;5.8;2
0.3572;6;2
0.3576;5.8;2
0.358;5.8;2
0.3584;5.8;2
0.3588;5.8;2
0.3592;5.8;1.92
0.3596;5.8;2
0.36;6;2
0.3604;6;2
0.3608;5.8;2
0.3612;5.8;2
0.3616;5.8;2
0.362;6;2
0.3624;6;2
0.3628;6;2
0.3632;6;2
0.3636;5.8;2
0.364;6;2
0.3644;5.8;2
0.3648;6;1.92
0.3652;6;2
0.3656;6;2
0.366;5.8;2
0.3664;6;2
0.3668;6;2
0.3672;6;2
0.3676;6;2
0.368;6;2
0.3684;6;2
0.3688;6;2
0.3692;6;2
0.3696;6;2
0.37;6;2
0.3704;6;2
0.3708;6;2
0.3712;6;2
0.3716;6;2
0.372;6;2
0.3724;6;2
0.3728;6;2
0.3732;6;2
0.3736;6.2;2
0.374;6.2;2
0.3744;6.2;2
0.3748;6.2;2
0.3752;6.2;2
0.3756;6.2;2
0.376;6.2;2
0.3764;6.2;2
0.3768;6.2;2
0.3772;6.2;2
0.3776;6.2;2
0.378;6.2;2
0.3784;6.2;2.08
0.3788;6.2;2
0.3792;6.2;2
0.3796;6.2;2
0.38;6.2;2
0.3804;6.2;2
0.3808;6.2;2
0.3812;6.2;2
0.3816;6.2;2
0.382;6.2;2
0.3824;6.2;2
0.3828;6.2;2.08
0.3832;6.2;2.08
0.3836;6.2;2.08
0.384;6.2;2.08
0.3844;6.2;2
0.3848;6.2;2
0.3852;6.2;2
0.3856;6.2;2
0.386;6.2;2
0.3864;6.4;2
0.3868;6.2;2
0.3872;6.4;2
0.3876;6.4;2
0.388;6.2;2
0.3884;6.2;2.08
0.3888;6.4;2
0.3892;6.4;2.08
0.3896;6.2;2.08
0.39;6.4;2
0.3904;6.4;2.08
0.3908;6.4;2.08
0.3912;6.4;2
0.3916;6.4;2
0.392;6.4;2.08
0.3924;6.4;2.08
0.3928;6.2;2.08
0.3932;6.4;2.08
0.3936;6.4;2.08
0.394;6.4;2.08
0.3944;6.4;2.08
0.3948;6.4;2.08
0.3952;6.4;2.08
0.3956;6.4;2.08
0.396;6.6;2.08
0.3964;6.6;2.08
0.3968;6.4;2.08
0.3972;6.4;2.08
0.3976;6.4;2.08
0.398;6.6;2.08
0.3984;6.6;2.08
0.3988;6.4;2.08
0.3992;6.4;2
0.3996;6.6;2.08
0.4;6.4;2.08
0.4004;6.4;2.08
0.4008;6.6;2
0.4012;6.6;2.08
0.4016;6.6;2.08
0.402;6.6;2.08
0.4024;6.6;2.08
0.4028;6.6;2.08
0.4032;6.6;2.08
0.4036;6.6;2
0.404;6.6;2
0.4044;6.6;2.08
0.4048;6.6;2.08
0.4052;6.6;2.08
0.4056;6.6;2.08
0.406;6.6;2.08
0.4064;6.6;2.08
0.4068;6.6;2.08
0.4072;6.6;2.08
0.4076;6.8;2
0.408;6.6;2.08
0.4084;6.6;2.08
0.4088;6.8;2.08
0.4092;6.6;2.08
0.4096;6.8;2.08
0.41;6.8;2.08
0.4104;6.6;2.08
0.4108;6.8;2.08
0.4112;6.6;2.08
0.4116;6.8;2.08
0.412;6.8;2.08
0.4124;6.8;2.08
0.4128;6.8;2.08
0.4132;6.8;2.08
0.4136;6.8;2.08
0.414;6.8;2.08
0.4144;6.8;2
0.4148;6.8;2
0.4152;6.8;2.08
0.4156;6.8;2.08
0.416;6.8;2.08
0.4164;6.8;2.08
0.4168;6.8;2.08
0.4172;6.8;2.08
0.4176;6.8;2.08
0.418;6.8;2.08
0.4184;6.8;2.08
0.4188;6.8;2.08
0.4192;6.8;2.08
0.4196;6.8;2.08
0.42;6.8;2.08
0.4204;6.8;2.08
0.4208;6.8;2.16
0.4212;6.8;2.08
0.4216;6.8;2.08
0.422;6.8;2.08
0.4224;6.8;2.16
0.4228;6.8;2.16
0.4232;6.8;2.08
0.4236;7;2.16
0.424;6.8;2.08
0.4244;7;2.16
0.4248;7;2.08
0.4252;7;2.16
0.4256;6.8;2.08
0.426;7;2.08
0.4264;7;2.08
0.4268;7;2.08
0.4272;7;2.08
0.4276;6.8;2.08
0.428;7;2.16
0.4284;7;2.16
0.4288;7;2.16
0.4292;7;2.08
0.4296;7.2;2.16
0.43;7;2.08
0.4304;7;2.08
0.4308;7;2.16
0.4312;7;2.08
0.4316;7;2.08
0.432;7;2.08
0.4324;7;2.08
0.4328;7;2.16
0.4332;7;2.08
0.4336;7;2.08
0.434;7;2.08
0.4344;7.2;2.16
0.4348;7.2;2.16
0.4352;7;2.08
0.4356;7.2;2.08
0.436;7.2;2.16
0.4364;7.2;2.08
0.4368;7;2.08
0.4372;7;2.16
0.4376;7.2;2.16
0.438;7.2;2.08
0.4384;7.2;2.16
0.4388;7.2;2.16
0.4392;7.2;2.08
0.4396;7.2;2.08
0.44;7.2;2.16
0.4404;7.2;2.16
0.4408;7.2;2.08
0.4412;7.2;2.08
0.4416;7.2;2.08
0.442;7.2;2.08
0.4424;7.2;2.16
0.4428;7.2;2.08
0.4432;7.2;2.08
0.4436;7.2;2.08
0.444;7.2;2.16
0.4444;7.4;2.16
0.4448;7.4;2.16
0.4452;7.4;2.16
0.4456;7.4;2.16
0.446;7.2;2.08
0.4464;7.2;2.08
0.4468;7.2;2.08
0.4472;7.4;2.16
0.4476;7.4;2.08
0.448;7.4;2.16
0.4484;7.2;2.08
0.4488;7.4;2.16
0.4492;7.4;2.16
0.4496;7.4;2.08
0.45;7.2;2.08
0.4504;7.4;2.08
0.4508;7.4;2.16
0.4512;7.4;2.16
0.4516;7.4;2.16
0.452;7.4;2.08
0.4524;7.4;2.08
0.4528;7.4;2.16
0.4532;7.4;2.16
0.4536;7.4;2.16
0.454;7.4;2.08
0.4544;7.4;2.16
0.4548;7.6;2.16
0.4552;7.4;2.16
0.4556;7.4;2.16
0.456;7.4;2.16
0.4564;7.4;2.16
0.4568;7.4;2.16
0.4572;7.4;2.16
0.4576;7.6;2.16
0.458;7.6;2.16
0.4584;7.4;2.16
0.4588;7.6;2.16
0.4592;7.6;2.08
0.4596;7.6;2.08
0.46;7.6;2.16
0.4604;7.6;2.08
0.4608;7.6;2.16
0.4612;7.6;2.16
0.4616;7.6;2.16
0.462;7.6;2.08
0.4624;7.6;2.08
0.4628;7.6;2.16
0.4632;7.6;2.16
0.4636;7.6;2.16
0.464;7.6;2.16
0.4644;7.6;2.16
0.4648;7.6;2.16
0.4652;7.6;2.08
0.4656;7.6;2.08
0.466;7.6;2.16
0.4664;7.6;2.16
0.4668;7.6;2.16
0.4672;7.6;2.16
0.4676;7.6;2.16
0.468;7.6;2.08
0.4684;7.6;2.08
0.4688;7.6;2.16
0.4692;7.6;2.08
0.4696;7.6;2.08
0.47;7.6;2.08
0.4704;7.6;2.08
0.4708;7.6;2.08
0.4712;7.6;2.08
0.4716;7.6;2.16
0.472;7.6;2.16
0.4724;7.6;2.16
0.4728;7.8;2.16
0.4732;7.6;2.08
0.4736;7.8;2.16
0.474;7.8;2.16
0.4744;7.8;2.16
0.4748;7.6;2.16
0.4752;7.6;2.16
0.4756;7.8;2.16
0.476;7.8;2.16
0.4764;7.8;2.08
0.4768;7.8;2.16
0.4772;7.8;2.16
0.4776;7.8;2.16
0.478;7.8;2.16
0.4784;7.8;2.16
0.4788;7.8;2.16
0.4792;7.8;2.16
0.4796;7.8;2.16
0.48;7.8;2.16
0.4804;7.8;2.16
0.4808;7.8;2.16
0.4812;7.8;2.16
0.4816;7.8;2.16
0.482;8;2.16
0.4824;8;2.16
0.4828;7.8;2.16
0.4832;7.8;2.16
0.4836;7.8;2.16
0.484;7.8;2.08
0.4844;8;2.16
0.4848;8;2.16
0.4852;8;2.08
0.4856;8;2.16
0.486;8;2.16
0.4864;8;2.16
0.4868;8;2.16
0.4872;8;2.16
0.4876;8;2.16
0.488;8;2.08
0.4884;8;2.16
0.4888;8;2.16
0.4892;8;2.16
0.4896;8;2.16
0.49;8;2.16
0.4904;8;2.16
0.4908;8;2.08
0.4912;8;2.16
0.4916;8;2.16
0.492;8;2.16
0.4924;8;2.16
0.4928;8;2.16
0.4932;8;2.08
0.4936;8;2.16
0.494;8;2.16
0.4944;8;2.16
0.4948;8;2.16
0.4952;8.2;2.16
0.4956;8;2.16
0.496;8.2;2.16
0.4964;8.2;2.16
0.4968;8.2;2.08
0.4972;8.2;2.16
0.4976;8.2;2.16
0.498;8.2;2.16
0.4984;8.2;2.16
0.4988;8.2;2.08
0.4992;8.2;2.16
0.4996;8.2;2.16
0.5;8.2;2.16
0.5004;8.2;2.16
0.5008;8.2;2.16
0.5012;8.2;2.16
0.5016;8.2;2.16
0.502;8.2;2.16
0.5024;8.2;2.16
0.5028;8.2;2.16
0.5032;8.2;2.16
0.5036;8.2;2.16
0.504;8.2;2.16
0.5044;8.2;2.16
0.5048;8.2;2.16
0.5052;8.2;2.16
0.5056;8.2;2.16
0.506;8.2;2.16
0.5064;8.2;2.16
0.5068;8.2;2.16
0.5072;8.4;2.08
0.5076;8.2;2.16
0.508;8.4;2.16
0.5084;8.4;2.16
0.5088;8.4;2.16
0.5092;8.4;2.16
0.5096;8.4;2.16
0.51;8.4;2.16
0.5104;8.4;2.16
0.5108;8.2;2.16
0.5112;8.4;2.16
0.5116;8.4;2.16
0.512;8.4;2.16
0.5124;8.4;2.16
0.5128;8.4;2.16
0.5132;8.4;2.16
0.5136;8.4;2.16
0.514;8.4;2.16
0.5144;8.4;2.16
0.5148;8.4;2.16
0.5152;8.4;2.16
0.5156;8.4;2.16
0.516;8.4;2.16
0.5164;8.4;2.16
0.5168;8.4;2.16
0.5172;8.4;2.16
0.5176;8.4;2.16
0.518;8.6;2.16
0.5184;8.4;2.16
0.5188;8.6;2.16
0.5192;8.4;2.16
0.5196;8.6;2.16
0.52;8.4;2.16
0.5204;8.6;2.16
0.5208;8.6;2.16
0.5212;8.4;2.08
0.5216;8.6;2.16
0.522;8.6;2.16
0.5224;8.6;2.16
0.5228;8.6;2.08
0.5232;8.6;2.16
0.5236;8.6;2.16
0.524;8.6;2.16
0.5244;8.6;2.16
0.5248;8.6;2.16
0.5252;8.8;2.16
0.5256;8.6;2.24
0.526;8.6;2.16
0.5264;8.6;2.16
0.5268;8.6;2.16
0.5272;8.6;2.24
0.5276;8.6;2.16
0.528;8.6;2.16
0.5284;8.6;2.16
0.5288;8.6;2.16
0.5292;8.6;2.16
0.5296;8.8;2.16
0.53;8.6;2.24
0.5304;8.8;2.16
0.5308;8.8;2.16
0.5312;8.6;2.08
0.5316;8.6;2.16
0.532;8.6;2.16
0.5324;8.8;2.16
0.5328;8.8;2.16
0.5332;8.8;2.16
0.5336;8.8;2.16
0.534;8.8;2.16
0.5344;8.8;2.16
0.5348;8.8;2.16
0.5352;8.8;2.16
0.5356;8.8;2.08
0.536;8.8;2.16
0.5364;8.8;2.16
0.5368;8.8;2.16
0.5372;8.8;2.16
0.5376;8.8;2.16
0.538;8.8;2.16
0.5384;8.8;2.16
0.5388;8.8;2.16
0.5392;8.8;2.16
0.5396;8.8;2.16
0.54;8.8;2.16
0.5404;8.8;2.16
0.5408;8.8;2.16
0.5412;8.8;2.16
0.5416;8.8;2.16
0.542;8.8;2.16
0.5424;8.8;2.16
0.5428;9;2.16
0.5432;8.8;2.16
0.5436;8.8;2.16
0.544;8.8;2.16
0.5444;8.8;2.16
0.5448;9;2.16
0.5452;8.8;2.16
0.5456;9;2.16
0.546;9;2.16
0.5464;8.8;2.16
0.5468;9;2.08
0.5472;9;2.16
0.5476;9;2.16
0.548;9;2.16
0.5484;9;2.16
0.5488;9;2.08
0.5492;9;2.08
0.5496;9;2.16
0.55;9;2.16
0.5504;9;2.16
0.5508;9.2;2.16
0.5512;9;2.16
0.5516;9;2.16
0.552;9;2.16
0.5524;9;2.08
0.5528;9;2.16
0.5532;9;2.08
0.5536;9;2.16
0.554;9;2.16
0.5544;9;2.16
0.5548;9;2.16
0.5552;9;2.16
0.5556;9;2.08
0.556;9;2.16
0.5564;9;2.16
0.5568;9;2.16
0.5572;9.2;2.08
0.5576;9.2;2.16
0.558;9;2.08
0.5584;9;2.16
0.5588;9.2;2.16
0.5592;9.2;2.08
0.5596;9.2;2.08
0.56;9.2;2.08
0.5604;9.2;2.16
0.5608;9.2;2.08
0.5612;9.2;2.08
0.5616;9.2;2.08
0.562;9.2;2.08
0.5624;9.2;2.08
0.5628;9.4;2.08
0.5632;9.2;2.08
0.5636;9.2;2
0.564;9.2;2
0.5644;9.2;2.08
0.5648;9.2;2
0.5652;9.2;2
0.5656;9.2;2
0.566;9.2;2
0.5664;9.2;2
0.5668;9.4;2
0.5672;9.2;2
0.5676;9.2;1.92
0.568;9.2;1.92
0.5684;9.4;1.92
0.5688;9.4;1.84
0.5692;9.2;1.92
0.5696;9.4;1.84
0.57;9.4;1.84
0.5704;9.4;1.84
0.5708;9.4;1.76
0.5712;9.4;1.76
0.5716;9.4;1.68
0.572;9.4;1.68
0.5724;9.4;1.6
0.5728;9.2;1.6
0.5732;9.2;1.52
0.5736;9.4;1.28
0.574;9.4;1.2
0.5744;9.4;0.8
0.5748;9.4;0.48
0.5752;9.4;0.24
0.5756;9.4;-0.08
0.576;9.4;-0.32
0.5764;9.4;-0.56
0.5768;9.4;-0.96
0.5772;9.4;-1.52
0.5776;9.4;-1.76
0.578;9.4;-2
0.5784;9.4;-2.08
0.5788;9.4;-2.08
0.5792;9.6;-2.08
0.5796;9.4;-2
0.58;9.4;-1.92
0.5804;9.4;-1.84
0.5808;9.4;-1.76
0.5812;9.6;-1.6
0.5816;9.4;-1.44
0.582;9.6;-1.36
0.5824;9.6;-1.28
0.5828;9.4;-1.12
0.5832;9.6;-1.04
0.5836;9.6;-0.96
0.584;9.6;-0.88
0.5844;9.6;-0.72
0.5848;9.6;-0.64
0.5852;9.6;-0.48
0.5856;9.6;-0.4
0.586;9.6;-0.32
0.5864;9.6;-0.24
0.5868;9.6;-0.16
0.5872;9.6;-0.08
0.5876;9.6;0
0.588;9.6;0.08
0.5884;9.6;0.16
0.5888;9.6;0.24
0.5892;9.6;0.24
0.5896;9.6;0.4
0.59;9.6;0.4
0.5904;9.6;0.48
0.5908;9.6;0.56
0.5912;9.6;0.56
0.5916;9.6;0.64
0.592;9.6;0.72
0.5924;9.6;0.72
0.5928;9.8;0.8
0.5932;9.8;0.8
0.5936;9.8;0.88
0.594;9.6;0.88
0.5944;9.6;0.96
0.5948;9.6;1.04
0.5952;9.6;1.04
0.5956;9.8;1.12
0.596;9.6;1.12
0.5964;9.6;1.12
0.5968;9.6;1.12
0.5972;9.8;1.2
0.5976;9.8;1.2
0.598;9.8;1.28
0.5984;9.8;1.28
0.5988;9.8;1.28
0.5992;9.8;1.36
0.5996;9.8;1.36
0.6;9.8;1.44
0.6004;9.8;1.44
0.6008;9.8;1.44
0.6012;9.8;1.52
0.6016;9.8;1.44
0.602;9.8;1.52
0.6024;9.8;1.52
0.6028;9.8;1.52
0.6032;9.8;1.52
0.6036;9.8;1.52
0.604;9.8;1.6
0.6044;9.8;1.6
0.6048;9.8;1.68
0.6052;9.8;1.6
0.6056;9.8;1.68
0.606;9.8;1.68
0.6064;10;1.68
0.6068;9.8;1.68
0.6072;9.8;1.68
0.6076;10;1.76
0.608;10;1.76
0.6084;10;1.76
0.6088;10;1.76
0.6092;10;1.76
0.6096;9.8;1.76
0.61;10;1.76
0.6104;10;1.84
0.6108;10;1.76
0.6112;10;1.92
0.6116;10;1.84
0.612;10;1.84
0.6124;10;1.92
0.6128;10;1.92
0.6132;10;1.84
0.6136;10;1.92
0.614;10;1.92
0.6144;10;1.92
0.6148;10;1.84
0.6152;10;1.92
0.6156;10;1.92
0.616;10;1.92
0.6164;10;1.92
0.6168;10.2;1.92
0.6172;10.2;1.92
0.6176;10;1.92
0.618;10.2;2
0.6184;10.2;1.92
0.6188;10;1.92
0.6192;10.2;1.92
0.6196;10;2
0.62;10.2;2
0.6204;10;1.92
0.6208;10.2;2
0.6212;10.2;2
0.6216;10.2;2
0.622;10.2;2
0.6224;10;2
0.6228;10.2;2
0.6232;10.2;2
0.6236;10.2;2
0.624;10.2;2
0.6244;10.2;2.08
0.6248;10.2;2
0.6252;10.2;2
0.6256;10.2;2
0.626;10.2;2
0.6264;10.2;2.08
0.6268;10.2;2.08
0.6272;10.2;2.08
0.6276;10.2;2
0.628;10.2;2.16
0.6284;10.2;2.16
0.6288;10.2;2.16
0.6292;10.4;2.16
0.6296;10.4;2.08
0.63;10.4;2.08
0.6304;10.2;2.08
0.6308;10.2;2.08
0.6312;10.2;2.08
0.6316;10.2;2.08
0.632;10.2;2.08
0.6324;10.4;2.08
0.6328;10.4;2.08
0.6332;10.2;2.16
0.6336;10.4;2.08
0.634;10.4;2.08
0.6344;10.4;2.08
0.6348;10.4;2.16
0.6352;10.4;2.08
0.6356;10.4;2.08
0.636;10.4;2.08
0.6364;10.4;2.08
0.6368;10.4;2.08
0.6372;10.4;2.08
0.6376;10.4;2.08
0.638;10.6;2.08
0.6384;10.4;2.08
0.6388;10.4;2.16
0.6392;10.6;2.08
0.6396;10.4;2.16
0.64;10.4;2.08
0.6404;10.4;2.16
0.6408;10.4;2.08
0.6412;10.4;2.16
0.6416;10.4;2.08
0.642;10.4;2.08
0.6424;10.6;2.08
0.6428;10.6;2.08
0.6432;10.6;2.16
0.6436;10.6;2.16
0.644;10.6;2.16
0.6444;10.4;2.08
0.6448;10.4;2.16
0.6452;10.6;2.16
0.6456;10.6;2.16
0.646;10.6;2.16
0.6464;10.6;2.16
0.6468;10.6;2.16
0.6472;10.6;2.16
0.6476;10.6;2.16
0.648;10.6;2.16
0.6484;10.6;2.16
0.6488;10.6;2.16
0.6492;10.6;2.16
0.6496;10.6;2.16
0.65;10.6;2.16
0.6504;10.6;2.16
0.6508;10.6;2.16
0.6512;10.6;2.16
0.6516;10.8;2.16
0.652;10.6;2.16
0.6524;10.6;2.16
0.6528;10.8;2.16
0.6532;10.6;2.16
0.6536;10.6;2.16
0.654;10.8;2.16
0.6544;10.6;2.16
0.6548;10.8;2.16
0.6552;10.6;2.16
0.6556;10.8;2.16
0.656;10.6;2.16
0.6564;10.8;2.16
0.6568;10.8;2.16
0.6572;10.8;2.16
0.6576;10.8;2.16
0.658;10.8;2.16
0.6584;10.8;2.16
0.6588;10.8;2.16
0.6592;10.8;2.16
0.6596;10.8;2.16
0.66;10.8;2.16
0.6604;10.8;2.16
0.6608;10.8;2.16
0.6612;10.8;2.16
0.6616;10.8;2.16
0.662;10.8;2.16
0.6624;10.8;2.16
0.6628;11;2.16
0.6632;10.8;2.16
0.6636;11;2.24
0.664;10.8;2.16
0.6644;11;2.16
0.6648;11;2.16
0.6652;10.8;2.16
0.6656;11;2.16
0.666;10.8;2.24
0.6664;10.8;2.16
0.6668;11;2.16
0.6672;11;2.16
0.6676;11;2.16
0.668;11;2.16
0.6684;11;2.16
0.6688;11;2.16
0.6692;11;2.16
0.6696;11;2.16
0.67;11;2.16
0.6704;11;2.16
0.6708;11;2.16
0.6712;11;2.16
0.6716;11;2.16
0.672;11;2.16
0.6724;11;2.16
0.6728;11;2.24
0.6732;11;2.16
0.6736;11;2.16
0.674;11;2.16
0.6744;11;2.16
0.6748;11;2.16
0.6752;11;2.16
0.6756;11;2.16
0.676;11;2.24
0.6764;11;2.16
0.6768;11;2.24
0.6772;11;2.24
0.6776;11;2.16
0.678;11;2.24
0.6784;11;2.24
0.6788;11;2.16
0.6792;11.2;2.24
0.6796;11.2;2.24
0.68;11;2.16
0.6804;11;2.24
0.6808;11.2;2.24
0.6812;11.2;2.24
0.6816;11.2;2.16
0.682;11.2;2.24
0.6824;11;2.24
0.6828;11.2;2.16
0.6832;11.2;2.24
0.6836;11.2;2.24
0.684;11.2;2.24
0.6844;11.2;2.16
0.6848;11.2;2.16
0.6852;11.2;2.16
0.6856;11;2.16
0.686;11.2;2.24
0.6864;11.2;2.24
0.6868;11.2;2.24
0.6872;11.2;2.16
0.6876;11.2;2.16
0.688;11.2;2.16
0.6884;11.2;2.16
0.6888;11.2;2.24
0.6892;11.2;2.16
0.6896;11.4;2.16
0.69;11.4;2.16
0.6904;11.4;2.16
0.6908;11.2;2.16
0.6912;11.4;2.16
0.6916;11.2;2.16
0.692;11.2;2.24
0.6924;11.4;2.16
0.6928;11.4;2.24
0.6932;11.4;2.24
0.6936;11.4;2.16
0.694;11.4;2.24
0.6944;11.4;2.24
0.6948;11.4;2.24
0.6952;11.4;2.24
0.6956;11.4;2.24
0.696;11.4;2.16
0.6964;11.4;2.24
0.6968;11.4;2.16
0.6972;11.4;2.24
0.6976;11.4;2.16
0.698;11.4;2.16
0.6984;11.4;2.24
0.6988;11.4;2.24
0.6992;11.4;2.16
0.6996;11.6;2.16
0.7;11.4;2.16
0.7004;11.4;2.24
0.7008;11.4;2.24
0.7012;11.6;2.24
0.7016;11.6;2.24
0.702;11.6;2.16
0.7024;11.6;2.16
0.7028;11.6;2.16
0.7032;11.6;2.16
0.7036;11.6;2.16
0.704;11.6;2.16
0.7044;11.6;2.24
0.7048;11.6;2.16
0.7052;11.6;2.24
0.7056;11.6;2.16
0.706;11.6;2.24
0.7064;11.6;2.24
0.7068;11.6;2.16
0.7072;11.6;2.16
0.7076;11.6;2.24
0.708;11.6;2.24
0.7084;11.6;2.16
0.7088;11.6;2.16
0.7092;11.6;2.16
0.7096;11.6;2.24
0.71;11.6;2.24
0.7104;11.6;2.24
0.7108;11.6;2.24
0.7112;11.6;2.24
0.7116;11.6;2.24
0.712;11.6;2.16
0.7124;11.6;2.24
0.7128;11.6;2.24
0.7132;11.6;2.24
0.7136;11.8;2.16
0.714;11.6;2.16
0.7144;11.6;2.16
0.7148;11.6;2.24
0.7152;11.6;2.16
0.7156;11.6;2.24
0.716;11.6;2.24
0.7164;11.6;2.16
0.7168;11.8;2.16
0.7172;11.8;2.24
0.7176;11.8;2.24
0.718;11.8;2.24
0.7184;11.8;2.16
0.7188;11.8;2.16
0.7192;11.6;2.16
0.7196;11.6;2.16
0.72;11.8;2.16
0.7204;11.8;2.16
0.7208;11.8;2.24
0.7212;11.8;2.24
0.7216;11.8;2.24
0.722;11.8;2.16
0.7224;11.8;2.16
0.7228;11.8;2.16
0.7232;11.8;2.16
0.7236;11.8;2.16
0.724;11.8;2.24
0.7244;11.8;2.16
0.7248;11.8;2.24
0.7252;11.8;2.16
0.7256;11.8;2.16
0.726;11.8;2.24
0.7264;12;2.24
0.7268;11.8;2.24
0.7272;12;2.16
0.7276;12;2.16
0.728;11.8;2.24
0.7284;12;2.24
0.7288;12;2.24
0.7292;11.8;2.24
0.7296;12;2.24
0.73;12;2.24
0.7304;12;2.24
0.7308;12;2.16
0.7312;12;2.16
0.7316;12;2.24
0.732;12;2.24
0.7324;12;2.24
0.7328;12;2.24
0.7332;12;2.24
0.7336;12;2.24
0.734;12;2.24
0.7344;12;2.24
0.7348;12;2.24
0.7352;12;2.16
0.7356;12;2.16
0.736;12;2.24
0.7364;12;2.16
0.7368;12.2;2.16
0.7372;12;2.24
0.7376;12;2.16
0.738;12;2.24
0.7384;12;2.16
0.7388;12;2.24
0.7392;12.2;2.24
0.7396;12.2;2.16
0.74;12.2;2.24
0.7404;12;2.24
0.7408;12.2;2.16
0.7412;12;2.16
0.7416;12.2;2.24
0.742;12;2.16
0.7424;12.2;2.24
0.7428;12.2;2.16
0.7432;12.2;2.24
0.7436;12.2;2.24
0.744;12.2;2.24
0.7444;12.2;2.24
0.7448;12.2;2.16
0.7452;12.2;2.16
0.7456;12.2;2.24
0.746;12.2;2.24
0.7464;12.2;2.16
0.7468;12.2;2.16
0.7472;12.2;2.16
0.7476;12.2;2.16
0.748;12.2;2.16
0.7484;12.2;2.24
0.7488;12.2;2.24
0.7492;12.2;2.16
0.7496;12.2;2.24
0.75;12.2;2.16
0.7504;12.2;2.24
0.7508;12.2;2.16
0.7512;12.2;2.24
0.7516;12.2;2.16
0.752;12.2;2.16
0.7524;12.4;2.16
0.7528;12.4;2.16
0.7532;12.4;2.16
0.7536;12.4;2.24
0.754;12.4;2.16
0.7544;12.4;2.16
0.7548;12.4;2.16
0.7552;12.4;2.16
0.7556;12.4;2.16
0.756;12.2;2.16
0.7564;12.4;2.16
0.7568;12.4;2.24
0.7572;12.4;2.16
0.7576;12.4;2.16
0.758;12.4;2.24
0.7584;12.4;2.16
0.7588;12.4;2.16
0.7592;12.4;2.16
0.7596;12.4;2.16
0.76;12.4;2.16
0.7604;12.4;2.16
0.7608;12.4;2.16
0.7612;12.4;2.16
0.7616;12.4;2.16
0.762;12.4;2.16
0.7624;12.4;2.24
0.7628;12.4;2.16
0.7632;12.4;2.16
0.7636;12.4;2.16
0.764;12.4;2.16
0.7644;12.4;2.24
0.7648;12.4;2.16
0.7652;12.6;2.16
0.7656;12.6;2.24
0.766;12.6;2.24
0.7664;12.6;2.24
0.7668;12.6;2.24
0.7672;12.4;2.16
0.7676;12.6;2.16
0.768;12.6;2.24
0.7684;12.6;2.24
0.7688;12.6;2.24
0.7692;12.6;2.16
0.7696;12.6;2.16
0.77;12.6;2.16
0.7704;12.6;2.16
0.7708;12.6;2.16
0.7712;12.6;2.16
0.7716;12.6;2.08
0.772;12.6;2.16
0.7724;12.6;2.16
0.7728;12.6;2.16
0.7732;12.6;2.24
0.7736;12.6;2.16
0.774;12.6;2.16
0.7744;12.8;2.16
0.7748;12.6;2.16
0.7752;12.6;2.16
0.7756;12.8;2.16
0.776;12.8;2.16
0.7764;12.6;2.16
0.7768;12.8;2.16
0.7772;12.8;2.16
0.7776;12.8;2.24
0.778;12.8;2.16
0.7784;12.8;2.16
0.7788;12.8;2.24
0.7792;12.6;2.24
0.7796;12.8;2.16
0.78;12.8;2.16
0.7804;12.8;2.16
0.7808;12.8;2.16
0.7812;12.8;2.16
0.7816;12.8;2.24
0.782;12.8;2.16
0.7824;12.8;2.16
0.7828;12.8;2.24
0.7832;12.8;2.24
0.7836;12.8;2.24
0.784;12.8;2.16
0.7844;13;2.16
0.7848;12.8;2.16
0.7852;13;2.24
0.7856;13;2.24
0.786;12.8;2.16
0.7864;13;2.16
0.7868;12.8;2.08
0.7872;12.8;2.16
0.7876;13;2.16
0.788;13;2.16
0.7884;13;2.16
0.7888;13;2.16
0.7892;12.8;2.16
0.7896;13;2.16
0.79;13;2.16
0.7904;13;2.16
0.7908;13;2.16
0.7912;12.8;2.16
0.7916;13;2.16
0.792;13;2.16
0.7924;13;2.16
0.7928;13;2.16
0.7932;13;2.16
0.7936;13;2.16
0.794;13;2.16
0.7944;13;2.16
0.7948;13;2.08
0.7952;13;2.16
0.7956;13;2.16
0.796;13;2.16
0.7964;13;2.16
0.7968;13;2.16
0.7972;13;2.16
0.7976;13;2.16
0.798;13;2.16
0.7984;13;2.16
0.7988;13.2;2.24
0.7992;13;2.16
0.7996;13;2.16
0.8;13;2.16
0.8004;13;2.16
0.8008;13;2.16
0.8012;13;2.16
0.8016;13.2;2.16
0.802;13.2;2.16
0.8024;13;2.08
0.8028;13.2;2.08
0.8032;13.2;2.08
0.8036;13.2;2.08
0.804;13.2;2.16
0.8044;13.2;2.08
0.8048;13.2;2.16
0.8052;13.2;2.08
0.8056;13.2;2.08
0.806;13.2;2.16
0.8064;13.2;2.16
0.8068;13.2;2.08
0.8072;13.2;2.08
0.8076;13.2;2.08
0.808;13.2;2.08
0.8084;13.2;2.08
0.8088;13.2;2.08
0.8092;13.2;2.08
0.8096;13.2;2.08
0.81;13.2;2
0.8104;13.2;2
0.8108;13.2;2
0.8112;13.2;2
0.8116;13.2;2
0.812;13.2;2
0.8124;13.4;2
0.8128;13.2;2
0.8132;13.4;2
0.8136;13.2;1.92
0.814;13.4;1.92
0.8144;13.2;1.92
0.8148;13.4;1.92
0.8152;13.4;1.92
0.8156;13.4;1.92
0.816;13.4;1.92
0.8164;13.4;1.84
0.8168;13.4;1.84
0.8172;13.4;1.76
0.8176;13.4;1.76
0.818;13.4;1.68
0.8184;13.4;1.68
0.8188;13.4;1.6
0.8192;13.4;1.6
0.8196;13.4;1.52
0.82;13.4;1.44
0.8204;13.4;1.36
0.8208;13.4;1.28
0.8212;13.4;1.12
0.8216;13.4;1.04
0.822;13.4;0.96
0.8224;13.6;0.64
0.8228;13.4;0.48
0.8232;13.6;0.16
0.8236;13.6;-0.32
0.824;13.4;-0.96
0.8244;13.6;-1.84
0.8248;13.6;-2.64
0.8252;13.6;-2.96
0.8256;13.6;-2.88
0.826;13.6;-2.8
0.8264;13.6;-2.88
0.8268;13.6;-3.2
0.8272;13.6;-3.28
0.8276;13.6;-3.04
0.828;13.6;-3.04
0.8284;13.6;-2.96
0.8288;13.6;-2.8
0.8292;13.6;-2.72
0.8296;13.6;-2.56
0.83;13.6;-2.48
0.8304;13.6;-2.32
0.8308;13.6;-2.16
0.8312;13.6;-2.08
0.8316;13.6;-1.92
0.832;13.6;-1.76
0.8324;13.6;-1.68
0.8328;13.6;-1.6
0.8332;13.6;-1.44
0.8336;13.6;-1.36
0.834;13.6;-1.36
0.8344;13.6;-1.2
0.8348;13.6;-1.12
0.8352;13.6;-1.04
0.8356;13.6;-0.96
0.836;13.6;-0.88
0.8364;13.6;-0.8
0.8368;13.6;-0.72
0.8372;13.6;-0.64
0.8376;13.6;-0.48
0.838;13.8;-0.4
0.8384;13.8;-0.4
0.8388;13.8;-0.32
0.8392;13.6;-0.24
0.8396;13.8;-0.16
0.84;13.8;-0.16
0.8404;13.8;-0.08
0.8408;13.8;-0.08
0.8412;13.8;0
0.8416;13.8;0.08
0.842;13.8;0.16
0.8424;13.8;0.16
0.8428;13.8;0.24
0.8432;13.8;0.24
0.8436;13.8;0.32
0.844;13.8;0.4
0.8444;13.8;0.4
0.8448;13.8;0.4
0.8452;13.8;0.48
0.8456;13.8;0.56
0.846;13.8;0.64
0.8464;14;0.64
0.8468;14;0.72
0.8472;13.8;0.64
0.8476;14;0.72
0.848;13.8;0.8
0.8484;13.8;0.72
0.8488;14;0.8
0.8492;13.8;0.8
0.8496;13.8;0.88
0.85;14;0.88
0.8504;14;0.88
0.8508;13.8;0.96
0.8512;14;0.96
0.8516;14;0.96
0.852;14;1.04
0.8524;14;1.12
0.8528;14;1.04
0.8532;14;1.12
0.8536;14;1.12
0.854;14;1.12
0.8544;14;1.2
0.8548;14;1.2
0.8552;14;1.2
0.8556;14;1.2
0.856;14;1.28
0.8564;14;1.28
0.8568;14;1.36
0.8572;14;1.28
0.8576;14;1.36
0.858;14;1.28
0.8584;14;1.36
0.8588;14;1.36
0.8592;14.2;1.44
0.8596;14;1.44
0.86;14;1.44
0.8604;14;1.44
0.8608;14.2;1.52
0.8612;14.2;1.52
0.8616;14.2;1.52
0.862;14.2;1.52
0.8624;14.2;1.52
0.8628;14.2;1.52
0.8632;14;1.52
0.8636;14.2;1.52
0.864;14.2;1.52
0.8644;14.2;1.52
0.8648;14.2;1.52
0.8652;14.2;1.6
0.8656;14.2;1.6
0.866;14.2;1.68
0.8664;14.2;1.6
0.8668;14.2;1.68
0.8672;14.2;1.6
0.8676;14.2;1.68
0.868;14.2;1.68
0.8684;14.2;1.68
0.8688;14.2;1.76
0.8692;14.2;1.68
0.8696;14.2;1.68
0.87;14.2;1.68
0.8704;14.2;1.68
0.8708;14.2;1.76
0.8712;14.4;1.76
0.8716;14.2;1.76
0.872;14.4;1.76
0.8724;14.2;1.76
0.8728;14.2;1.76
0.8732;14.2;1.76
0.8736;14.2;1.76
0.874;14.2;1.76
0.8744;14.4;1.84
0.8748;14.2;1.84
0.8752;14.2;1.84
0.8756;14.2;1.84
0.876;14.2;1.84
0.8764;14.2;1.84
0.8768;14.2;1.84
0.8772;14.4;1.84
0.8776;14.2;1.84
0.878;14.2;1.84
0.8784;14.2;1.92
0.8788;14.2;1.92
0.8792;14.2;1.84
0.8796;14.2;1.92
0.88;14.2;1.92
0.8804;14.2;1.92
0.8808;14.2;1.92
0.8812;14.2;1.92
0.8816;14.2;1.92
0.882;14.4;1.92
0.8824;14.2;1.92
0.8828;14.2;2
0.8832;14.2;1.92
0.8836;14.2;1.92
0.884;14.2;1.92
0.8844;14.2;1.92
0.8848;14.2;1.92
0.8852;14.2;1.92
0.8856;14.2;2
0.886;14.2;2
0.8864;14.2;2
0.8868;14.2;2
0.8872;14.2;2
0.8876;14.2;2
0.888;14.2;2
0.8884;14.2;2
0.8888;14.2;2
0.8892;14.4;2
0.8896;14.2;2
0.89;14.2;2
0.8904;14.4;2
0.8908;14.2;2
0.8912;14.2;2
0.8916;14.2;2
0.892;14.2;2
0.8924;14.2;2
0.8928;14.2;2
0.8932;14.2;2
0.8936;14.2;2.08
0.894;14.2;2
0.8944;14.2;2.08
0.8948;14.2;2
0.8952;14.2;2.08
0.8956;14.2;2.08
0.896;14.2;2.08
0.8964;14.4;2
0.8968;14.2;2.08
0.8972;14.4;2.08
0.8976;14.2;2.08
0.898;14.2;2
0.8984;14.2;2.08
0.8988;14.2;2.08
0.8992;14.2;2.08
0.8996;14.2;2.08
0.9;14.2;2
0.9004;14.2;2.08
0.9008;14.2;2.08
0.9012;14.2;2.16
0.9016;14.2;2.08
0.902;14.2;2.08
0.9024;14.2;2.08
0.9028;14.2;2.08
0.9032;14.2;2.08
0.9036;14.2;2.08
0.904;14.2;2.08
0.9044;14.2;2.08
0.9048;14.2;2.08
0.9052;14.2;2.08
0.9056;14.4;2.08
0.906;14.2;2.08
0.9064;14.2;2.08
0.9068;14.2;2.08
0.9072;14.2;2.08
0.9076;14.2;2.08
0.908;14.2;2.08
0.9084;14.4;2.16
0.9088;14.2;2.08
0.9092;14.2;2.16
0.9096;14.4;2.08
0.91;14.2;2.16
0.9104;14.2;2.08
0.9108;14.2;2.08
0.9112;14.2;2.16
0.9116;14.2;2.08
0.912;14.2;2.08
0.9124;14.4;2.08
0.9128;14.2;2.08
0.9132;14.2;2.08
0.9136;14.2;2.08
0.914;14.4;2.08
0.9144;14.2;2.08
0.9148;14.2;2.16
0.9152;14.2;2.16
0.9156;14.2;2.16
0.916;14.4;2.16
0.9164;14.4;2.16
0.9168;14.2;2.16
0.9172;14.2;2.08
0.9176;14.2;2.16
0.918;14.2;2.16
0.9184;14.2;2.16
0.9188;14.4;2.16
0.9192;14.2;2.16
0.9196;14.4;2.16
0.92;14.2;2.08
0.9204;14.2;2.08
0.9208;14.2;2.08
0.9212;14.2;2.16
0.9216;14.2;2.08
0.922;14.2;2.16
0.9224;14.2;2.08
0.9228;14.2;2.16
0.9232;14.2;2.16
0.9236;14.2;2.16
0.924;14.4;2.16
0.9244;14.2;2.16
0.9248;14.4;2.16
0.9252;14.2;2.16
0.9256;14.2;2.16
0.926;14.4;2.08
0.9264;14.2;2.16
0.9268;14.2;2.16
0.9272;14.2;2.16
0.9276;14.2;2.16
0.928;14.2;2.16
0.9284;14.2;2.16
0.9288;14.2;2.16
0.9292;14.2;2.16
0.9296;14.2;2.16
0.93;14.2;2.16
0.9304;14.2;2.16
0.9308;14.4;2.16
0.9312;14.2;2.16
0.9316;14.2;2.16
0.932;14.2;2.24
0.9324;14.2;2.16
0.9328;14.2;2.16
0.9332;14.2;2.16
0.9336;14.2;2.16
0.934;14.2;2.16
0.9344;14.2;2.16
0.9348;14.2;2.16
0.9352;14.2;2.16
0.9356;14.2;2.16
0.936;14.2;2.16
0.9364;14.2;2.08
0.9368;14.2;2.16
0.9372;14.2;2.16
0.9376;14.4;2.16
0.938;14.2;2.16
0.9384;14.2;2.16
0.9388;14.2;2.08
0.9392;14.2;2.16
0.9396;14.2;2.16
0.94;14.2;2.16
0.9404;14.2;2.16
0.9408;14.2;2.16
0.9412;14.4;2.16
0.9416;14.2;2.16
0.942;14.2;2.16
0.9424;14.2;2.16
0.9428;14.2;2.16
0.9432;14.2;2.16
0.9436;14.2;2.16
0.944;14.4;2.16
0.9444;14.2;2.16
0.9448;14.4;2.24
0.9452;14.2;2.16
0.9456;14.2;2.16
0.946;14.2;2.16
0.9464;14.2;2.16
0.9468;14.2;2.16
0.9472;14.2;2.16
0.9476;14.2;2.16
0.948;14.2;2.16
0.9484;14.2;2.16
0.9488;14.2;2.16
0.9492;14.2;2.24
0.9496;14.2;2.16
0.95;14.4;2.16
0.9504;14.2;2.16
0.9508;14.2;2.16
0.9512;14.2;2.16
0.9516;14.2;2.16
0.952;14.2;2.16
0.9524;14.2;2.16
0.9528;14.2;2.16
0.9532;14.2;2.16
0.9536;14.2;2.08
0.954;14.4;2.16
0.9544;14.2;2.16
0.9548;14.2;2.16
0.9552;14.2;2.16
0.9556;14.2;2.16
