time (sec),channel CH1 (V),channel CH2 (V)
4.173,9.6,-6.72
4.1731,9.6,-6.72
4.1732,9.6,-6.72
4.1733,9.6,-6.72
4.1734,9.68,-6.72
4.1735,9.6,-6.72
4.1736,9.6,-6.72
4.1737,9.6,-6.72
4.1738,9.68,-6.72
4.1739,9.6,-6.72
4.174,9.6,-6.72
4.1741,9.68,-6.72
4.1742,9.68,-6.72
4.1743,9.6,-6.72
4.1744,9.68,-6.72
4.1745,9.68,-6.72
4.1746,9.6,-6.72
4.1747,9.6,-6.72
4.1748,9.68,-6.72
4.1749,9.6,-6.72
4.175,9.68,-6.72
4.1751,9.6,-6.72
4.1752,9.6,-6.72
4.1753,9.68,-6.72
4.1754,9.68,-6.72
4.1755,9.68,-6.72
4.1756,9.68,-6.72
4.1757,9.68,-6.72
4.1758,9.68,-6.72
4.1759,9.68,-6.72
4.176,9.68,-6.72
4.1761,9.6,-6.72
4.1762,9.68,-6.72
4.1763,9.68,-6.72
4.1764,9.68,-6.72
4.1765,9.68,-6.72
4.1766,9.68,-6.72
4.1767,9.76,-6.72
4.1768,9.68,-6.72
4.1769,9.68,-6.72
4.177,9.68,-6.72
4.1771,9.68,-6.72
4.1772,9.76,-6.72
4.1773,9.68,-6.72
4.1774,9.76,-6.72
4.1775,9.76,-6.72
4.1776,9.76,-6.72
4.1777,9.68,-6.72
4.1778,9.76,-6.72
4.1779,9.68,-6.72
4.178,9.76,-6.72
4.1781,9.76,-6.72
4.1782,9.76,-6.72
4.1783,9.76,-6.72
4.1784,9.76,-6.72
4.1785,9.76,-6.72
4.1786,9.76,-6.72
4.1787,9.76,-6.72
4.1788,9.76,-6.72
4.1789,9.76,-6.72
4.179,9.76,-6.72
4.1791,9.76,-6.72
4.1792,9.76,-6.72
4.1793,9.76,-6.72
4.1794,9.76,-6.72
4.1795,9.76,-6.72
4.1796,9.76,-6.72
4.1797,9.76,-6.72
4.1798,9.76,-6.72
4.1799,9.76,-6.72
4.18,9.76,-6.72
4.1801,9.76,-6.72
4.1802,9.76,-6.72
4.1803,9.76,-6.72
4.1804,9.76,-6.72
4.1805,9.76,-6.72
4.1806,9.76,-6.72
4.1807,9.76,-6.72
4.1808,9.76,-6.72
4.1809,9.84,-6.72
4.181,9.76,-6.72
4.1811,9.84,-6.72
4.1812,9.76,-6.72
4.1813,9.84,-6.72
4.1814,9.84,-6.72
4.1815,9.76,-6.72
4.1816,9.84,-6.72
4.1817,9.84,-6.72
4.1818,9.84,-6.72
4.1819,9.84,-6.72
4.182,9.84,-6.72
4.1821,9.84,-6.72
4.1822,9.84,-6.72
4.1823,9.76,-6.72
4.1824,9.84,-6.72
4.1825,9.76,-6.72
4.1826,9.84,-6.72
4.1827,9.84,-6.72
4.1828,9.84,-6.72
4.1829,9.84,-6.72
4.183,9.84,-6.72
4.1831,9.84,-6.72
4.1832,9.84,-6.72
4.1833,9.84,-6.72
4.1834,9.84,-6.72
4.1835,9.84,-6.72
4.1836,9.84,-6.72
4.1837,9.84,-6.72
4.1838,9.84,-6.72
4.1839,9.84,-6.72
4.184,9.84,-6.72
4.1841,9.92,-6.72
4.1842,9.92,-6.72
4.1843,9.84,-6.72
4.1844,9.92,-6.72
4.1845,9.84,-6.72
4.1846,9.84,-6.72
4.1847,9.92,-6.72
4.1848,9.92,-6.72
4.1849,9.84,-6.72
4.185,9.92,-6.72
4.1851,9.92,-6.72
4.1852,9.84,-6.72
4.1853,9.84,-6.72
4.1854,9.92,-6.72
4.1855,9.92,-6.72
4.1856,9.84,-6.72
4.1857,9.92,-6.72
4.1858,9.92,-6.72
4.1859,9.92,-6.72
4.186,9.92,-6.72
4.1861,9.92,-6.72
4.1862,9.92,-6.72
4.1863,9.92,-6.72
4.1864,9.92,-6.72
4.1865,9.92,-6.72
4.1866,9.92,-6.72
4.1867,9.92,-6.72
4.1868,9.92,-6.72
4.1869,9.92,-6.72
4.187,9.92,-6.72
4.1871,9.92,-6.72
4.1872,9.92,-6.72
4.1873,9.92,-6.72
4.1874,9.92,-6.72
4.1875,9.92,-6.72
4.1876,9.92,-6.72
4.1877,10,-6.72
4.1878,9.92,-6.72
4.1879,9.92,-6.72
4.188,9.92,-6.72
4.1881,9.92,-6.72
4.1882,9.92,-6.72
4.1883,9.92,-6.72
4.1884,10,-6.72
4.1885,9.92,-6.72
4.1886,9.92,-6.72
4.1887,9.92,-6.72
4.1888,10,-6.72
4.1889,9.92,-6.72
4.189,10,-6.72
4.1891,10,-6.72
4.1892,9.92,-6.72
4.1893,10,-6.72
4.1894,10,-6.72
4.1895,10,-6.72
4.1896,10,-6.72
4.1897,9.92,-6.72
4.1898,10,-6.72
4.1899,10,-6.72
4.19,9.92,-6.72
4.1901,10,-6.72
4.1902,10,-6.72
4.1903,10,-6.72
4.1904,10,-6.72
4.1905,10,-6.72
4.1906,10,-6.72
4.1907,10,-6.72
4.1908,10,-6.72
4.1909,10,-6.72
4.191,10.08,-6.72
4.1911,10,-6.72
4.1912,10,-6.72
4.1913,10.08,-6.72
4.1914,10,-6.72
4.1915,10,-6.72
4.1916,10.08,-6.72
4.1917,10,-6.72
4.1918,10,-6.72
4.1919,10.08,-6.72
4.192,10,-6.72
4.1921,10,-6.72
4.1922,10.08,-6.72
4.1923,10,-6.72
4.1924,10.08,-6.72
4.1925,10.08,-6.72
4.1926,10.08,-6.72
4.1927,10.08,-6.72
4.1928,10,-6.72
4.1929,10.08,-6.72
4.193,10,-6.72
4.1931,10,-6.72
4.1932,10.08,-6.72
4.1933,10.08,-6.72
4.1934,10,-6.72
4.1935,10.08,-6.72
4.1936,10.08,-6.72
4.1937,10.08,-6.72
4.1938,10.08,-6.72
4.1939,10.08,-6.72
4.194,10.08,-6.72
4.1941,10.08,-6.72
4.1942,10.08,-6.72
4.1943,10.08,-6.72
4.1944,10.08,-6.72
4.1945,10.08,-6.72
4.1946,10.08,-6.72
4.1947,10.08,-6.72
4.1948,10.08,-6.72
4.1949,10.08,-6.72
4.195,10.08,-6.72
4.1951,10.08,-6.72
4.1952,10.08,-6.72
4.1953,10.16,-6.72
4.1954,10.08,-6.72
4.1955,10.08,-6.72
4.1956,10.08,-6.72
4.1957,10.08,-6.72
4.1958,10.16,-6.72
4.1959,10.08,-6.72
4.196,10.08,-6.72
4.1961,10.16,-6.72
4.1962,10.08,-6.72
4.1963,10.16,-6.72
4.1964,10.16,-6.72
4.1965,10.08,-6.72
4.1966,10.16,-6.72
4.1967,10.16,-6.72
4.1968,10.16,-6.72
4.1969,10.16,-6.72
4.197,10.16,-6.72
4.1971,10.16,-6.72
4.1972,10.16,-6.72
4.1973,10.08,-6.72
4.1974,10.16,-6.72
4.1975,10.16,-6.72
4.1976,10.16,-6.72
4.1977,10.16,-6.72
4.1978,10.16,-6.72
4.1979,10.16,-6.72
4.198,10.16,-6.72
4.1981,10.16,-6.72
4.1982,10.16,-6.72
4.1983,10.16,-6.72
4.1984,10.16,-6.72
4.1985,10.16,-6.72
4.1986,10.16,-6.72
4.1987,10.24,-6.72
4.1988,10.16,-6.72
4.1989,10.24,-6.72
4.199,10.24,-6.72
4.1991,10.16,-6.72
4.1992,10.16,-6.72
4.1993,10.16,-6.72
4.1994,10.24,-6.72
4.1995,10.16,-6.72
4.1996,10.16,-6.72
4.1997,10.24,-6.72
4.1998,10.24,-6.72
4.1999,10.24,-6.72
4.2,10.24,-6.72
4.2001,10.24,-6.72
4.2002,10.24,-6.72
4.2003,10.24,-6.72
4.2004,10.24,-6.72
4.2005,10.24,-6.72
4.2006,10.24,-6.72
4.2007,10.24,-6.72
4.2008,10.24,-6.72
4.2009,10.24,-6.72
4.201,10.16,-6.72
4.2011,10.24,-6.72
4.2012,10.24,-6.72
4.2013,10.24,-6.72
4.2014,10.24,-6.72
4.2015,10.24,-6.72
4.2016,10.24,-6.72
4.2017,10.24,-6.72
4.2018,10.24,-6.72
4.2019,10.24,-6.72
4.202,10.24,-6.72
4.2021,10.32,-6.72
4.2022,10.24,-6.72
4.2023,10.24,-6.72
4.2024,10.24,-6.72
4.2025,10.24,-6.72
4.2026,10.32,-6.72
4.2027,10.24,-6.72
4.2028,10.24,-6.72
4.2029,10.24,-6.72
4.203,10.24,-6.72
4.2031,10.32,-6.72
4.2032,10.32,-6.72
4.2033,10.24,-6.72
4.2034,10.24,-6.72
4.2035,10.32,-6.72
4.2036,10.24,-6.72
4.2037,10.24,-6.72
4.2038,10.4,-6.72
4.2039,10.32,-6.72
4.204,10.32,-6.72
4.2041,10.24,-6.72
4.2042,10.32,-6.72
4.2043,10.32,-6.72
4.2044,10.32,-6.72
4.2045,10.32,-6.72
4.2046,10.32,-6.72
4.2047,10.32,-6.72
4.2048,10.32,-6.72
4.2049,10.32,-6.72
4.205,10.32,-6.72
4.2051,10.32,-6.72
4.2052,10.32,-6.72
4.2053,10.32,-6.72
4.2054,10.32,-6.72
4.2055,10.32,-6.72
4.2056,10.32,-6.72
4.2057,10.32,-6.72
4.2058,10.32,-6.72
4.2059,10.4,-6.72
4.206,10.32,-6.72
4.2061,10.32,-6.72
4.2062,10.32,-6.72
4.2063,10.4,-6.72
4.2064,10.32,-6.72
4.2065,10.32,-6.72
4.2066,10.32,-6.72
4.2067,10.32,-6.72
4.2068,10.4,-6.72
4.2069,10.4,-6.72
4.207,10.4,-6.72
4.2071,10.4,-6.72
4.2072,10.4,-6.72
4.2073,10.4,-6.72
4.2074,10.4,-6.72
4.2075,10.4,-6.72
4.2076,10.4,-6.72
4.2077,10.48,-6.72
4.2078,10.4,-6.72
4.2079,10.32,-6.72
4.208,10.4,-6.72
4.2081,10.4,-6.72
4.2082,10.4,-6.72
4.2083,10.4,-6.72
4.2084,10.4,-6.72
4.2085,10.4,-6.72
4.2086,10.4,-6.72
4.2087,10.4,-6.72
4.2088,10.4,-6.72
4.2089,10.4,-6.72
4.209,10.4,-6.72
4.2091,10.4,-6.72
4.2092,10.4,-6.72
4.2093,10.4,-6.72
4.2094,10.4,-6.72
4.2095,10.4,-6.72
4.2096,10.4,-6.72
4.2097,10.48,-6.72
4.2098,10.48,-6.72
4.2099,10.4,-6.72
4.21,10.48,-6.72
4.2101,10.4,-6.72
4.2102,10.4,-6.72
4.2103,10.48,-6.72
4.2104,10.4,-6.72
4.2105,10.48,-6.72
4.2106,10.4,-6.72
4.2107,10.48,-6.72
4.2108,10.48,-6.72
4.2109,10.48,-6.72
4.211,10.48,-6.72
4.2111,10.4,-6.72
4.2112,10.48,-6.72
4.2113,10.48,-6.72
4.2114,10.48,-6.72
4.2115,10.48,-6.72
4.2116,10.4,-6.72
4.2117,10.48,-6.72
4.2118,10.48,-6.72
4.2119,10.4,-6.72
4.212,10.48,-6.72
4.2121,10.48,-6.72
4.2122,10.48,-6.72
4.2123,10.48,-6.72
4.2124,10.48,-6.72
4.2125,10.48,-6.72
4.2126,10.56,-6.72
4.2127,10.48,-6.72
4.2128,10.48,-6.72
4.2129,10.56,-6.72
4.213,10.48,-6.72
4.2131,10.48,-6.72
4.2132,10.48,-6.72
4.2133,10.56,-6.72
4.2134,10.48,-6.72
4.2135,10.56,-6.72
4.2136,10.56,-6.72
4.2137,10.48,-6.72
4.2138,10.56,-6.72
4.2139,10.56,-6.72
4.214,10.56,-6.72
4.2141,10.48,-6.72
4.2142,10.56,-6.72
4.2143,10.56,-6.72
4.2144,10.56,-6.72
4.2145,10.56,-6.72
4.2146,10.56,-6.72
4.2147,10.48,-6.72
4.2148,10.56,-6.72
4.2149,10.56,-6.72
4.215,10.48,-6.72
4.2151,10.48,-6.72
4.2152,10.56,-6.72
4.2153,10.56,-6.72
4.2154,10.56,-6.72
4.2155,10.56,-6.72
4.2156,10.56,-6.72
4.2157,10.56,-6.72
4.2158,10.56,-6.72
4.2159,10.56,-6.72
4.216,10.56,-6.72
4.2161,10.56,-6.72
4.2162,10.56,-6.72
4.2163,10.64,-6.72
4.2164,10.56,-6.72
4.2165,10.56,-6.72
4.2166,10.56,-6.72
4.2167,10.56,-6.72
4.2168,10.56,-6.72
4.2169,10.56,-6.72
4.217,10.56,-6.72
4.2171,10.64,-6.72
4.2172,10.56,-6.72
4.2173,10.56,-6.72
4.2174,10.64,-6.72
4.2175,10.64,-6.72
4.2176,10.56,-6.72
4.2177,10.56,-6.72
4.2178,10.64,-6.72
4.2179,10.56,-6.72
4.218,10.64,-6.72
4.2181,10.64,-6.72
4.2182,10.56,-6.72
4.2183,10.64,-6.72
4.2184,10.56,-6.72
4.2185,10.56,-6.72
4.2186,10.64,-6.72
4.2187,10.64,-6.72
4.2188,10.64,-6.72
4.2189,10.56,-6.72
4.219,10.64,-6.72
4.2191,10.64,-6.72
4.2192,10.64,-6.72
4.2193,10.64,-6.72
4.2194,10.64,-6.72
4.2195,10.64,-6.72
4.2196,10.64,-6.72
4.2197,10.64,-6.72
4.2198,10.64,-6.72
4.2199,10.64,-6.72
4.22,10.64,-6.72
4.2201,10.64,-6.72
4.2202,10.64,-6.72
4.2203,10.64,-6.72
4.2204,10.64,-6.72
4.2205,10.64,-6.72
4.2206,10.72,-6.72
4.2207,10.72,-6.72
4.2208,10.64,-6.72
4.2209,10.64,-6.72
4.221,10.64,-6.72
4.2211,10.64,-6.72
4.2212,10.64,-6.72
4.2213,10.64,-6.72
4.2214,10.64,-6.72
4.2215,10.72,-6.72
4.2216,10.72,-6.72
4.2217,10.72,-6.72
4.2218,10.64,-6.72
4.2219,10.72,-6.72
4.222,10.64,-6.72
4.2221,10.72,-6.72
4.2222,10.72,-6.72
4.2223,10.72,-6.72
4.2224,10.72,-6.72
4.2225,10.72,-6.72
4.2226,10.72,-6.72
4.2227,10.72,-6.72
4.2228,10.72,-6.72
4.2229,10.72,-6.72
4.223,10.72,-6.72
4.2231,10.72,-6.72
4.2232,10.72,-6.72
4.2233,10.72,-6.72
4.2234,10.72,-6.72
4.2235,10.72,-6.72
4.2236,10.8,-6.72
4.2237,10.72,-6.72
4.2238,10.8,-6.72
4.2239,10.72,-6.72
4.224,10.8,-6.72
4.2241,10.72,-6.72
4.2242,10.72,-6.72
4.2243,10.8,-6.72
4.2244,10.72,-6.72
4.2245,10.72,-6.72
4.2246,10.8,-6.72
4.2247,10.72,-6.72
4.2248,10.8,-6.72
4.2249,10.72,-6.72
4.225,10.8,-6.72
4.2251,10.8,-6.72
4.2252,10.8,-6.72
4.2253,10.8,-6.72
4.2254,10.8,-6.72
4.2255,10.8,-6.72
4.2256,10.8,-6.72
4.2257,10.8,-6.72
4.2258,10.8,-6.72
4.2259,10.8,-6.72
4.226,10.8,-6.72
4.2261,10.72,-6.72
4.2262,10.8,-6.72
4.2263,10.8,-6.72
4.2264,10.8,-6.72
4.2265,10.88,-6.72
4.2266,10.8,-6.72
4.2267,10.8,-6.72
4.2268,10.8,-6.72
4.2269,10.8,-6.72
4.227,10.8,-6.72
4.2271,10.8,-6.72
4.2272,10.8,-6.72
4.2273,10.8,-6.72
4.2274,10.8,-6.72
4.2275,10.8,-6.72
4.2276,10.8,-6.72
4.2277,10.88,-6.72
4.2278,10.88,-6.72
4.2279,10.8,-6.72
4.228,10.88,-6.72
4.2281,10.8,-6.72
4.2282,10.8,-6.72
4.2283,10.8,-6.72
4.2284,10.88,-6.72
4.2285,10.88,-6.72
4.2286,10.88,-6.72
4.2287,10.8,-6.72
4.2288,10.88,-6.72
4.2289,10.88,-6.72
4.229,10.8,-6.72
4.2291,10.88,-6.72
4.2292,10.88,-6.72
4.2293,10.88,-6.72
4.2294,10.88,-6.72
4.2295,10.88,-6.72
4.2296,10.88,-6.72
4.2297,10.8,-6.72
4.2298,10.88,-6.72
4.2299,10.88,-6.72
4.23,10.88,-6.72
4.2301,10.88,-6.72
4.2302,10.88,-6.72
4.2303,10.88,-6.72
4.2304,10.88,-6.72
4.2305,10.88,-6.72
4.2306,10.88,-6.72
4.2307,10.88,-6.72
4.2308,10.88,-6.72
4.2309,10.88,-6.72
4.231,10.88,-6.72
4.2311,10.88,-6.72
4.2312,10.88,-6.72
4.2313,10.88,-6.72
4.2314,10.88,-6.72
4.2315,10.88,-6.72
4.2316,10.96,-6.72
4.2317,10.96,-6.72
4.2318,10.88,-6.72
4.2319,10.96,-6.72
4.232,10.88,-6.72
4.2321,10.88,-6.72
4.2322,10.88,-6.72
4.2323,10.88,-6.72
4.2324,10.96,-6.72
4.2325,10.88,-6.72
4.2326,10.96,-6.72
4.2327,10.88,-6.72
4.2328,10.88,-6.72
4.2329,10.96,-6.72
4.233,10.96,-6.72
4.2331,10.88,-6.72
4.2332,10.88,-6.72
4.2333,10.96,-6.72
4.2334,10.96,-6.72
4.2335,10.96,-6.72
4.2336,10.96,-6.72
4.2337,10.88,-6.72
4.2338,10.96,-6.72
4.2339,10.96,-6.72
4.234,10.96,-6.72
4.2341,10.96,-6.72
4.2342,10.96,-6.72
4.2343,10.96,-6.72
4.2344,10.96,-6.72
4.2345,10.96,-6.72
4.2346,10.88,-6.72
4.2347,10.96,-6.72
4.2348,11.04,-6.72
4.2349,11.04,-6.72
4.235,10.96,-6.72
4.2351,10.96,-6.72
4.2352,10.96,-6.72
4.2353,10.96,-6.72
4.2354,10.96,-6.72
4.2355,10.96,-6.72
4.2356,10.96,-6.72
4.2357,10.96,-6.72
4.2358,11.04,-6.72
4.2359,10.96,-6.72
4.236,10.96,-6.72
4.2361,11.04,-6.72
4.2362,10.96,-6.72
4.2363,11.04,-6.72
4.2364,11.04,-6.72
4.2365,11.04,-6.72
4.2366,11.04,-6.72
4.2367,11.04,-6.72
4.2368,10.96,-6.72
4.2369,10.96,-6.72
4.237,10.96,-6.72
4.2371,11.04,-6.72
4.2372,11.04,-6.72
4.2373,11.04,-6.72
4.2374,11.04,-6.72
4.2375,11.04,-6.72
4.2376,11.04,-6.72
4.2377,11.04,-6.72
4.2378,11.04,-6.72
4.2379,11.04,-6.72
4.238,11.04,-6.72
4.2381,11.04,-6.72
4.2382,11.04,-6.72
4.2383,11.04,-6.72
4.2384,11.04,-6.72
4.2385,11.12,-6.72
4.2386,11.04,-6.72
4.2387,11.04,-6.72
4.2388,11.04,-6.72
4.2389,11.04,-6.72
4.239,11.04,-6.72
4.2391,11.04,-6.72
4.2392,11.12,-6.72
4.2393,11.12,-6.72
4.2394,11.12,-6.72
4.2395,11.04,-6.72
4.2396,11.12,-6.72
4.2397,11.12,-6.72
4.2398,11.04,-6.72
4.2399,11.12,-6.72
4.24,11.12,-6.72
4.2401,11.04,-6.72
4.2402,11.12,-6.72
4.2403,11.12,-6.72
4.2404,11.04,-6.72
4.2405,11.04,-6.72
4.2406,11.12,-6.72
4.2407,11.12,-6.72
4.2408,11.12,-6.72
4.2409,11.12,-6.72
4.241,11.12,-6.72
4.2411,11.12,-6.72
4.2412,11.12,-6.72
4.2413,11.12,-6.72
4.2414,11.12,-6.72
4.2415,11.2,-6.72
4.2416,11.12,-6.72
4.2417,11.12,-6.72
4.2418,11.12,-6.72
4.2419,11.12,-6.72
4.242,11.12,-6.72
4.2421,11.12,-6.72
4.2422,11.12,-6.72
4.2423,11.12,-6.72
4.2424,11.2,-6.72
4.2425,11.12,-6.72
4.2426,11.12,-6.72
4.2427,11.12,-6.72
4.2428,11.2,-6.72
4.2429,11.2,-6.72
4.243,11.12,-6.72
4.2431,11.12,-6.72
4.2432,11.2,-6.72
4.2433,11.2,-6.72
4.2434,11.2,-6.72
4.2435,11.2,-6.72
4.2436,11.2,-6.72
4.2437,11.2,-6.72
4.2438,11.2,-6.72
4.2439,11.2,-6.72
4.244,11.2,-6.72
4.2441,11.12,-6.72
4.2442,11.2,-6.72
4.2443,11.2,-6.72
4.2444,11.2,-6.72
4.2445,11.2,-6.72
4.2446,11.2,-6.72
4.2447,11.2,-6.72
4.2448,11.2,-6.72
4.2449,11.2,-6.72
4.245,11.2,-6.72
4.2451,11.2,-6.72
4.2452,11.2,-6.72
4.2453,11.2,-6.72
4.2454,11.2,-6.72
4.2455,11.2,-6.72
4.2456,11.28,-6.72
4.2457,11.28,-6.72
4.2458,11.2,-6.72
4.2459,11.2,-6.72
4.246,11.2,-6.72
4.2461,11.28,-6.72
4.2462,11.2,-6.72
4.2463,11.2,-6.72
4.2464,11.2,-6.72
4.2465,11.2,-6.72
4.2466,11.2,-6.72
4.2467,11.2,-6.72
4.2468,11.2,-6.72
4.2469,11.28,-6.72
4.247,11.2,-6.72
4.2471,11.28,-6.72
4.2472,11.28,-6.72
4.2473,11.28,-6.72
4.2474,11.28,-6.72
4.2475,11.28,-6.72
4.2476,11.28,-6.72
4.2477,11.28,-6.72
4.2478,11.28,-6.72
4.2479,11.28,-6.72
4.248,11.28,-6.72
4.2481,11.2,-6.72
4.2482,11.28,-6.72
4.2483,11.28,-6.72
4.2484,11.28,-6.72
4.2485,11.28,-6.72
4.2486,11.28,-6.72
4.2487,11.28,-6.72
4.2488,11.28,-6.72
4.2489,11.28,-6.72
4.249,11.28,-6.72
4.2491,11.28,-6.72
4.2492,11.28,-6.72
4.2493,11.28,-6.72
4.2494,11.28,-6.72
4.2495,11.28,-6.72
4.2496,11.28,-6.72
4.2497,11.28,-6.72
4.2498,11.28,-6.72
4.2499,11.28,-6.72
4.25,11.28,-6.72
4.2501,11.28,-6.72
4.2502,11.28,-6.72
4.2503,11.36,-6.72
4.2504,11.28,-6.72
4.2505,11.28,-6.72
4.2506,11.28,-6.72
4.2507,11.28,-6.72
4.2508,11.28,-6.72
4.2509,11.36,-6.72
4.251,11.36,-6.72
4.2511,11.36,-6.72
4.2512,11.36,-6.72
4.2513,11.44,-6.72
4.2514,11.36,-6.72
4.2515,11.36,-6.72
4.2516,11.36,-6.72
4.2517,11.36,-6.72
4.2518,11.36,-6.72
4.2519,11.36,-6.72
4.252,11.36,-6.72
4.2521,11.36,-6.72
4.2522,11.36,-6.72
4.2523,11.36,-6.72
4.2524,11.36,-6.72
4.2525,11.36,-6.72
4.2526,11.36,-6.72
4.2527,11.36,-6.72
4.2528,11.36,-6.72
4.2529,11.36,-6.72
4.253,11.36,-6.72
4.2531,11.36,-6.72
4.2532,11.44,-6.72
4.2533,11.44,-6.72
4.2534,11.44,-6.72
4.2535,11.44,-6.72
4.2536,11.44,-6.72
4.2537,11.36,-6.72
4.2538,11.36,-6.72
4.2539,11.44,-6.72
4.254,11.44,-6.72
4.2541,11.44,-6.72
4.2542,11.44,-6.72
4.2543,11.36,-6.72
4.2544,11.36,-6.72
4.2545,11.44,-6.72
4.2546,11.44,-6.72
4.2547,11.44,-6.72
4.2548,11.36,-6.72
4.2549,11.44,-6.72
4.255,11.44,-6.72
4.2551,11.44,-6.72
4.2552,11.44,-6.72
4.2553,11.44,-6.72
4.2554,11.44,-6.72
4.2555,11.44,-6.72
4.2556,11.44,-6.72
4.2557,11.44,-6.72
4.2558,11.44,-6.72
4.2559,11.44,-6.72
4.256,11.44,-6.72
4.2561,11.44,-6.72
4.2562,11.52,-6.72
4.2563,11.44,-6.72
4.2564,11.44,-6.72
4.2565,11.52,-6.72
4.2566,11.44,-6.72
4.2567,11.44,-6.72
4.2568,11.44,-6.72
4.2569,11.44,-6.72
4.257,11.44,-6.72
4.2571,11.52,-6.72
4.2572,11.52,-6.72
4.2573,11.44,-6.72
4.2574,11.52,-6.72
4.2575,11.52,-6.72
4.2576,11.52,-6.72
4.2577,11.52,-6.72
4.2578,11.52,-6.72
4.2579,11.52,-6.72
4.258,11.44,-6.72
4.2581,11.52,-6.72
4.2582,11.52,-6.72
4.2583,11.52,-6.72
4.2584,11.52,-6.72
4.2585,11.52,-6.72
4.2586,11.44,-6.72
4.2587,11.52,-6.72
4.2588,11.52,-6.72
4.2589,11.6,-6.72
4.259,11.52,-6.72
4.2591,11.52,-6.72
4.2592,11.52,-6.72
4.2593,11.52,-6.72
4.2594,11.52,-6.72
4.2595,11.52,-6.72
4.2596,11.52,-6.72
4.2597,11.52,-6.72
4.2598,11.52,-6.72
4.2599,11.52,-6.72
4.26,11.52,-6.72
4.2601,11.52,-6.72
4.2602,11.52,-6.72
4.2603,11.52,-6.72
4.2604,11.52,-6.72
4.2605,11.52,-6.72
4.2606,11.52,-6.72
4.2607,11.52,-6.72
4.2608,11.52,-6.72
4.2609,11.52,-6.72
4.261,11.52,-6.72
4.2611,11.6,-6.72
4.2612,11.52,-6.72
4.2613,11.52,-6.72
4.2614,11.6,-6.72
4.2615,11.52,-6.72
4.2616,11.52,-6.72
4.2617,11.6,-6.72
4.2618,11.6,-6.72
4.2619,11.6,-6.72
4.262,11.52,-6.72
4.2621,11.52,-6.72
4.2622,11.52,-6.72
4.2623,11.6,-6.72
4.2624,11.6,-6.72
4.2625,11.52,-6.72
4.2626,11.6,-6.72
4.2627,11.6,-6.72
4.2628,11.6,-6.72
4.2629,11.6,-6.72
4.263,11.6,-6.72
4.2631,11.6,-6.72
4.2632,11.6,-6.72
4.2633,11.6,-6.72
4.2634,11.6,-6.72
4.2635,11.6,-6.72
4.2636,11.6,-6.72
4.2637,11.6,-6.72
4.2638,11.6,-6.72
4.2639,11.68,-6.72
4.264,11.6,-6.72
4.2641,11.6,-6.72
4.2642,11.6,-6.72
4.2643,11.6,-6.72
4.2644,11.68,-6.72
4.2645,11.6,-6.72
4.2646,11.6,-6.72
4.2647,11.6,-6.72
4.2648,11.68,-6.72
4.2649,11.6,-6.72
4.265,11.68,-6.72
4.2651,11.6,-6.72
4.2652,11.6,-6.72
4.2653,11.68,-6.72
4.2654,11.68,-6.72
4.2655,11.6,-6.72
4.2656,11.68,-6.72
4.2657,11.68,-6.72
4.2658,11.68,-6.72
4.2659,11.68,-6.72
4.266,11.68,-6.72
4.2661,11.68,-6.72
4.2662,11.68,-6.72
4.2663,11.6,-6.72
4.2664,11.68,-6.72
4.2665,11.68,-6.72
4.2666,11.68,-6.72
4.2667,11.68,-6.72
4.2668,11.68,-6.72
4.2669,11.68,-6.72
4.267,11.68,-6.72
4.2671,11.76,-6.72
4.2672,11.68,-6.72
4.2673,11.76,-6.72
4.2674,11.68,-6.72
4.2675,11.68,-6.72
4.2676,11.68,-6.72
4.2677,11.68,-6.72
4.2678,11.76,-6.72
4.2679,11.68,-6.72
4.268,11.68,-6.72
4.2681,11.68,-6.72
4.2682,11.76,-6.72
4.2683,11.68,-6.72
4.2684,11.76,-6.72
4.2685,11.68,-6.72
4.2686,11.76,-6.72
4.2687,11.76,-6.72
4.2688,11.76,-6.72
4.2689,11.68,-6.72
4.269,11.76,-6.72
4.2691,11.76,-6.72
4.2692,11.68,-6.72
4.2693,11.76,-6.72
4.2694,11.76,-6.72
4.2695,11.68,-6.72
4.2696,11.76,-6.72
4.2697,11.76,-6.72
4.2698,11.76,-6.72
4.2699,11.76,-6.72
4.27,11.76,-6.72
4.2701,11.76,-6.72
4.2702,11.76,-6.72
4.2703,11.76,-6.72
4.2704,11.76,-6.72
4.2705,11.84,-6.72
4.2706,11.76,-6.72
4.2707,11.84,-6.72
4.2708,11.76,-6.72
4.2709,11.84,-6.72
4.271,11.84,-6.72
4.2711,11.76,-6.72
4.2712,11.84,-6.72
4.2713,11.76,-6.72
4.2714,11.76,-6.72
4.2715,11.84,-6.72
4.2716,11.84,-6.72
4.2717,11.84,-6.72
4.2718,11.76,-6.72
4.2719,11.84,-6.72
4.272,11.84,-6.72
4.2721,11.76,-6.72
4.2722,11.84,-6.72
4.2723,11.76,-6.72
4.2724,11.84,-6.72
4.2725,11.84,-6.72
4.2726,11.84,-6.72
4.2727,11.84,-6.72
4.2728,11.84,-6.72
4.2729,11.76,-6.72
4.273,11.84,-6.72
4.2731,11.84,-6.72
4.2732,11.84,-6.72
4.2733,11.84,-6.72
4.2734,11.84,-6.72
4.2735,11.84,-6.72
4.2736,11.84,-6.72
4.2737,11.84,-6.72
4.2738,11.84,-6.72
4.2739,11.84,-6.72
4.274,11.84,-6.72
4.2741,11.84,-6.72
4.2742,11.84,-6.72
4.2743,11.84,-6.72
4.2744,11.84,-6.72
4.2745,11.84,-6.72
4.2746,11.84,-6.72
4.2747,11.84,-6.72
4.2748,11.84,-6.72
4.2749,11.84,-6.72
4.275,11.84,-6.72
4.2751,11.84,-6.72
4.2752,11.84,-6.72
4.2753,11.84,-6.72
4.2754,11.84,-6.72
4.2755,11.84,-6.72
4.2756,11.84,-6.72
4.2757,11.92,-6.72
4.2758,11.84,-6.72
4.2759,11.84,-6.72
4.276,11.84,-6.72
4.2761,11.84,-6.72
4.2762,11.92,-6.72
4.2763,11.92,-6.72
4.2764,11.92,-6.72
4.2765,11.92,-6.72
4.2766,11.92,-6.72
4.2767,11.92,-6.72
4.2768,11.92,-6.72
4.2769,11.92,-6.72
4.277,11.92,-6.72
4.2771,11.92,-6.72
4.2772,11.84,-6.72
4.2773,11.92,-6.72
4.2774,11.84,-6.72
4.2775,11.92,-6.72
4.2776,11.92,-6.72
4.2777,11.92,-6.72
4.2778,11.92,-6.72
4.2779,11.92,-6.72
4.278,11.92,-6.72
4.2781,11.92,-6.72
4.2782,12,-6.72
4.2783,11.92,-6.72
4.2784,11.92,-6.72
4.2785,12,-6.72
4.2786,11.92,-6.72
4.2787,11.92,-6.72
4.2788,11.92,-6.72
4.2789,11.92,-6.72
4.279,12,-6.72
4.2791,11.92,-6.72
4.2792,12,-6.72
4.2793,12,-6.72
4.2794,12,-6.72
4.2795,12,-6.72
4.2796,12,-6.72
4.2797,11.92,-6.72
4.2798,12,-6.72
4.2799,11.92,-6.72
4.28,11.92,-6.72
4.2801,12,-6.72
4.2802,12,-6.72
4.2803,12,-6.72
4.2804,12,-6.72
4.2805,12,-6.72
4.2806,12,-6.72
4.2807,12,-6.72
4.2808,12,-6.72
4.2809,12,-6.72
4.281,12,-6.72
4.2811,12,-6.72
4.2812,12,-6.72
4.2813,12,-6.72
4.2814,12,-6.72
4.2815,12,-6.72
4.2816,12.08,-6.72
4.2817,12,-6.72
4.2818,12,-6.72
4.2819,12,-6.72
4.282,12,-6.72
4.2821,12.08,-6.72
4.2822,12.08,-6.72
4.2823,12,-6.72
4.2824,12,-6.72
4.2825,12,-6.72
4.2826,12,-6.72
4.2827,12.08,-6.72
4.2828,12.08,-6.72
4.2829,12,-6.72
4.283,12.08,-6.72
4.2831,12.08,-6.72
4.2832,12.08,-6.72
4.2833,12.08,-6.72
4.2834,12.08,-6.72
4.2835,12.08,-6.72
4.2836,12.08,-6.72
4.2837,12,-6.72
4.2838,12.08,-6.72
4.2839,12.08,-6.72
4.284,12.08,-6.72
4.2841,12.08,-6.72
4.2842,12.08,-6.72
4.2843,12.08,-6.72
4.2844,12.16,-6.72
4.2845,12.08,-6.72
4.2846,12.08,-6.72
4.2847,12.08,-6.72
4.2848,12.08,-6.72
4.2849,12.08,-6.72
4.285,12.08,-6.72
4.2851,12.08,-6.72
4.2852,12.08,-6.72
4.2853,12.08,-6.72
4.2854,12.16,-6.72
4.2855,12.16,-6.72
4.2856,12.08,-6.72
4.2857,12.08,-6.72
4.2858,12.08,-6.72
4.2859,12.08,-6.72
4.286,12.08,-6.72
4.2861,12.16,-6.72
4.2862,12.16,-6.72
4.2863,12.16,-6.72
4.2864,12.16,-6.72
4.2865,12.16,-6.72
4.2866,12.16,-6.72
4.2867,12.08,-6.72
4.2868,12.16,-6.72
4.2869,12.16,-6.72
4.287,12.16,-6.72
4.2871,12.16,-6.72
4.2872,12.16,-6.72
4.2873,12.16,-6.72
4.2874,12.16,-6.72
4.2875,12.16,-6.72
4.2876,12.16,-6.72
4.2877,12.16,-6.72
4.2878,12.16,-6.72
4.2879,12.16,-6.72
4.288,12.16,-6.72
4.2881,12.16,-6.72
4.2882,12.16,-6.72
4.2883,12.16,-6.72
4.2884,12.16,-6.72
4.2885,12.16,-6.72
4.2886,12.16,-6.72
4.2887,12.16,-6.72
4.2888,12.16,-6.72
4.2889,12.16,-6.72
4.289,12.16,-6.72
4.2891,12.16,-6.72
4.2892,12.16,-6.72
4.2893,12.16,-6.72
4.2894,12.16,-6.72
4.2895,12.24,-6.72
4.2896,12.16,-6.72
4.2897,12.16,-6.72
4.2898,12.16,-6.72
4.2899,12.16,-6.72
4.29,12.16,-6.72
4.2901,12.16,-6.72
4.2902,12.16,-6.72
4.2903,12.16,-6.72
4.2904,12.16,-6.72
4.2905,12.16,-6.72
4.2906,12.16,-6.72
4.2907,12.24,-6.72
4.2908,12.24,-6.72
4.2909,12.24,-6.72
4.291,12.24,-6.72
4.2911,12.24,-6.72
4.2912,12.24,-6.72
4.2913,12.24,-6.72
4.2914,12.24,-6.72
4.2915,12.24,-6.72
4.2916,12.24,-6.72
4.2917,12.24,-6.72
4.2918,12.24,-6.72
4.2919,12.24,-6.72
4.292,12.24,-6.72
4.2921,12.24,-6.72
4.2922,12.24,-6.72
4.2923,12.24,-6.72
4.2924,12.24,-6.72
4.2925,12.24,-6.72
4.2926,12.24,-6.72
4.2927,12.24,-6.72
4.2928,12.32,-6.72
4.2929,12.24,-6.72
4.293,12.24,-6.72
4.2931,12.24,-6.72
4.2932,12.24,-6.72
4.2933,12.24,-6.72
4.2934,12.24,-6.72
4.2935,12.24,-6.72
4.2936,12.24,-6.72
4.2937,12.24,-6.72
4.2938,12.32,-6.72
4.2939,12.32,-6.72
4.294,12.24,-6.72
4.2941,12.32,-6.72
4.2942,12.32,-6.72
4.2943,12.24,-6.72
4.2944,12.32,-6.72
4.2945,12.32,-6.72
4.2946,12.32,-6.72
4.2947,12.32,-6.72
4.2948,12.32,-6.72
4.2949,12.32,-6.72
4.295,12.32,-6.72
4.2951,12.32,-6.72
4.2952,12.32,-6.72
4.2953,12.24,-6.72
4.2954,12.32,-6.72
4.2955,12.32,-6.72
4.2956,12.32,-6.72
4.2957,12.32,-6.72
4.2958,12.32,-6.72
4.2959,12.32,-6.72
4.296,12.32,-6.72
4.2961,12.32,-6.72
4.2962,12.32,-6.72
4.2963,12.32,-6.72
4.2964,12.32,-6.72
4.2965,12.32,-6.72
4.2966,12.32,-6.72
4.2967,12.32,-6.72
4.2968,12.32,-6.72
4.2969,12.32,-6.72
4.297,12.32,-6.72
4.2971,12.4,-6.72
4.2972,12.4,-6.72
4.2973,12.32,-6.72
4.2974,12.4,-6.72
4.2975,12.32,-6.72
4.2976,12.32,-6.72
4.2977,12.4,-6.72
4.2978,12.32,-6.72
4.2979,12.32,-6.72
4.298,12.4,-6.72
4.2981,12.4,-6.72
4.2982,12.32,-6.72
4.2983,12.4,-6.72
4.2984,12.4,-6.72
4.2985,12.4,-6.72
4.2986,12.4,-6.72
4.2987,12.4,-6.72
4.2988,12.4,-6.72
4.2989,12.4,-6.72
4.299,12.4,-6.72
4.2991,12.4,-6.72
4.2992,12.4,-6.72
4.2993,12.48,-6.72
4.2994,12.4,-6.72
4.2995,12.4,-6.72
4.2996,12.4,-6.72
4.2997,12.4,-6.72
4.2998,12.4,-6.72
4.2999,12.4,-6.72
4.3,12.32,-6.72
4.3001,12.4,-6.72
4.3002,12.4,-6.72
4.3003,12.48,-6.72
4.3004,12.48,-6.72
4.3005,12.4,-6.72
4.3006,12.4,-6.72
4.3007,12.4,-6.72
4.3008,12.4,-6.72
4.3009,12.4,-6.72
4.301,12.4,-6.72
4.3011,12.48,-6.72
4.3012,12.48,-6.72
4.3013,12.4,-6.72
4.3014,12.4,-6.72
4.3015,12.4,-6.72
4.3016,12.4,-6.72
4.3017,12.48,-6.72
4.3018,12.48,-6.72
4.3019,12.4,-6.72
4.302,12.48,-6.72
4.3021,12.4,-6.72
4.3022,12.48,-6.72
4.3023,12.48,-6.72
4.3024,12.48,-6.72
4.3025,12.4,-6.72
4.3026,12.48,-6.72
4.3027,12.48,-6.72
4.3028,12.48,-6.72
4.3029,12.48,-6.72
4.303,12.48,-6.72
4.3031,12.4,-6.72
4.3032,12.48,-6.72
4.3033,12.48,-6.72
4.3034,12.48,-6.72
4.3035,12.48,-6.72
4.3036,12.48,-6.72
4.3037,12.48,-6.72
4.3038,12.48,-6.72
4.3039,12.48,-6.72
4.304,12.48,-6.72
4.3041,12.48,-6.72
4.3042,12.48,-6.72
4.3043,12.48,-6.72
4.3044,12.48,-6.72
4.3045,12.48,-6.72
4.3046,12.48,-6.72
4.3047,12.48,-6.72
4.3048,12.48,-6.72
4.3049,12.56,-6.72
4.305,12.48,-6.72
4.3051,12.48,-6.72
4.3052,12.48,-6.72
4.3053,12.56,-6.72
4.3054,12.48,-6.72
4.3055,12.48,-6.72
4.3056,12.56,-6.72
4.3057,12.56,-6.72
4.3058,12.56,-6.72
4.3059,12.56,-6.72
4.306,12.56,-6.72
4.3061,12.56,-6.72
4.3062,12.56,-6.72
4.3063,12.56,-6.72
4.3064,12.56,-6.72
4.3065,12.56,-6.72
4.3066,12.56,-6.72
4.3067,12.56,-6.72
4.3068,12.56,-6.72
4.3069,12.56,-6.72
4.307,12.56,-6.72
4.3071,12.56,-6.72
4.3072,12.56,-6.72
4.3073,12.56,-6.72
4.3074,12.56,-6.72
4.3075,12.56,-6.72
4.3076,12.56,-6.72
4.3077,12.56,-6.72
4.3078,12.64,-6.72
4.3079,12.56,-6.72
4.308,12.56,-6.72
4.3081,12.56,-6.72
4.3082,12.56,-6.72
4.3083,12.56,-6.72
4.3084,12.56,-6.72
4.3085,12.56,-6.72
4.3086,12.64,-6.72
4.3087,12.56,-6.72
4.3088,12.64,-6.72
4.3089,12.64,-6.72
4.309,12.64,-6.72
4.3091,12.64,-6.72
4.3092,12.64,-6.72
4.3093,12.64,-6.72
4.3094,12.64,-6.72
4.3095,12.64,-6.72
4.3096,12.64,-6.72
4.3097,12.64,-6.72
4.3098,12.64,-6.72
4.3099,12.64,-6.72
4.31,12.64,-6.72
4.3101,12.64,-6.72
4.3102,12.64,-6.72
4.3103,12.64,-6.72
4.3104,12.64,-6.72
4.3105,12.64,-6.72
4.3106,12.64,-6.72
4.3107,12.64,-6.72
4.3108,12.64,-6.72
4.3109,12.64,-6.72
4.311,12.64,-6.72
4.3111,12.64,-6.72
4.3112,12.64,-6.72
4.3113,12.64,-6.72
4.3114,12.64,-6.72
4.3115,12.72,-6.72
4.3116,12.64,-6.72
4.3117,12.64,-6.72
4.3118,12.64,-6.72
4.3119,12.64,-6.72
4.312,12.64,-6.72
4.3121,12.64,-6.72
4.3122,12.64,-6.72
4.3123,12.72,-6.72
4.3124,12.64,-6.72
4.3125,12.72,-6.72
4.3126,12.64,-6.72
4.3127,12.72,-6.72
4.3128,12.64,-6.72
4.3129,12.72,-6.72
4.313,12.72,-6.72
4.3131,12.72,-6.72
4.3132,12.64,-6.72
4.3133,12.72,-6.72
4.3134,12.64,-6.72
4.3135,12.72,-6.72
4.3136,12.72,-6.72
4.3137,12.8,-6.72
4.3138,12.72,-6.72
4.3139,12.72,-6.72
4.314,12.64,-6.72
4.3141,12.72,-6.72
4.3142,12.72,-6.72
4.3143,12.72,-6.72
4.3144,12.72,-6.72
4.3145,12.72,-6.72
4.3146,12.72,-6.72
4.3147,12.8,-6.72
4.3148,12.72,-6.72
4.3149,12.8,-6.72
4.315,12.72,-6.72
4.3151,12.8,-6.72
4.3152,12.72,-6.72
4.3153,12.8,-6.72
4.3154,12.72,-6.72
4.3155,12.72,-6.72
4.3156,12.8,-6.72
4.3157,12.8,-6.72
4.3158,12.8,-6.72
4.3159,12.8,-6.72
4.316,12.72,-6.72
4.3161,12.8,-6.72
4.3162,12.72,-6.72
4.3163,12.8,-6.72
4.3164,12.8,-6.72
4.3165,12.8,-6.72
4.3166,12.8,-6.72
4.3167,12.8,-6.72
4.3168,12.8,-6.72
4.3169,12.8,-6.72
4.317,12.8,-6.72
4.3171,12.8,-6.72
4.3172,12.8,-6.72
4.3173,12.8,-6.72
4.3174,12.8,-6.72
4.3175,12.8,-6.72
4.3176,12.8,-6.72
4.3177,12.8,-6.72
4.3178,12.8,-6.72
4.3179,12.8,-6.72
4.318,12.8,-6.72
4.3181,12.8,-6.72
4.3182,12.8,-6.72
4.3183,12.8,-6.72
4.3184,12.8,-6.72
4.3185,12.8,-6.72
4.3186,12.8,-6.72
4.3187,12.88,-6.72
4.3188,12.88,-6.72
4.3189,12.88,-6.72
4.319,12.8,-6.72
4.3191,12.88,-6.72
4.3192,12.8,-6.72
4.3193,12.8,-6.72
4.3194,12.88,-6.72
4.3195,12.88,-6.72
4.3196,12.88,-6.72
4.3197,12.88,-6.72
4.3198,12.88,-6.72
4.3199,12.88,-6.72
4.32,12.88,-6.72
4.3201,12.88,-6.72
4.3202,12.88,-6.72
4.3203,12.88,-6.72
4.3204,12.8,-6.72
4.3205,12.8,-6.72
4.3206,12.88,-6.72
4.3207,12.8,-6.72
4.3208,12.88,-6.72
4.3209,12.88,-6.72
4.321,12.96,-6.72
4.3211,12.88,-6.72
4.3212,12.88,-6.72
4.3213,12.88,-6.72
4.3214,12.88,-6.72
4.3215,12.88,-6.72
4.3216,12.88,-6.72
4.3217,12.88,-6.72
4.3218,12.88,-6.72
4.3219,12.88,-6.72
4.322,12.88,-6.72
4.3221,12.88,-6.72
4.3222,12.88,-6.72
4.3223,12.88,-6.72
4.3224,12.88,-6.72
4.3225,12.88,-6.72
4.3226,12.96,-6.72
4.3227,12.88,-6.72
4.3228,12.96,-6.72
4.3229,12.96,-6.72
4.323,12.96,-6.72
4.3231,12.88,-6.72
4.3232,12.96,-6.72
4.3233,12.96,-6.72
4.3234,12.96,-6.72
4.3235,12.96,-6.72
4.3236,12.96,-6.72
4.3237,12.96,-6.72
4.3238,12.96,-6.72
4.3239,12.96,-6.72
4.324,12.96,-6.72
4.3241,12.96,-6.72
4.3242,12.96,-6.72
4.3243,12.96,-6.72
4.3244,12.96,-6.72
4.3245,12.96,-6.72
4.3246,12.96,-6.72
4.3247,12.96,-6.72
4.3248,12.96,-6.72
4.3249,12.96,-6.72
4.325,12.96,-6.72
4.3251,12.96,-6.72
4.3252,12.96,-6.72
4.3253,12.96,-6.72
4.3254,13.04,-6.72
4.3255,12.96,-6.72
4.3256,12.96,-6.72
4.3257,12.96,-6.72
4.3258,12.96,-6.72
4.3259,12.96,-6.72
4.326,13.04,-6.72
4.3261,12.96,-6.72
4.3262,13.04,-6.72
4.3263,12.96,-6.72
4.3264,12.96,-6.72
4.3265,13.04,-6.72
4.3266,13.04,-6.72
4.3267,13.04,-6.72
4.3268,13.04,-6.72
4.3269,13.04,-6.72
4.327,12.96,-6.72
4.3271,13.04,-6.72
4.3272,13.04,-6.72
4.3273,13.04,-6.72
4.3274,13.04,-6.72
4.3275,13.04,-6.72
4.3276,13.04,-6.72
4.3277,13.04,-6.72
4.3278,13.04,-6.72
4.3279,13.04,-6.72
4.328,13.04,-6.72
4.3281,13.04,-6.72
4.3282,13.04,-6.72
4.3283,13.04,-6.72
4.3284,13.04,-6.72
4.3285,13.04,-6.72
4.3286,13.04,-6.72
4.3287,13.04,-6.72
4.3288,13.04,-6.72
4.3289,13.04,-6.72
4.329,13.04,-6.72
4.3291,13.04,-6.72
4.3292,13.04,-6.72
4.3293,13.04,-6.72
4.3294,13.04,-6.72
4.3295,13.04,-6.72
4.3296,13.12,-6.72
4.3297,13.12,-6.72
4.3298,13.04,-6.72
4.3299,13.12,-6.72
4.33,13.04,-6.72
4.3301,13.04,-6.72
4.3302,13.04,-6.72
4.3303,13.04,-6.72
4.3304,13.12,-6.72
4.3305,13.12,-6.72
4.3306,13.04,-6.72
4.3307,13.04,-6.72
4.3308,13.12,-6.72
4.3309,13.12,-6.72
4.331,13.12,-6.72
4.3311,13.12,-6.72
4.3312,13.12,-6.72
4.3313,13.12,-6.72
4.3314,13.12,-6.72
4.3315,13.12,-6.72
4.3316,13.12,-6.72
4.3317,13.12,-6.72
4.3318,13.12,-6.72
4.3319,13.12,-6.72
4.332,13.12,-6.72
4.3321,13.12,-6.72
4.3322,13.12,-6.72
4.3323,13.12,-6.72
4.3324,13.12,-6.72
4.3325,13.12,-6.72
4.3326,13.12,-6.72
4.3327,13.12,-6.72
4.3328,13.12,-6.72
4.3329,13.12,-6.72
4.333,13.12,-6.72
4.3331,13.12,-6.72
4.3332,13.12,-6.72
4.3333,13.12,-6.72
4.3334,13.12,-6.72
4.3335,13.12,-6.72
4.3336,13.2,-6.72
4.3337,13.12,-6.72
4.3338,13.12,-6.72
4.3339,13.12,-6.72
4.334,13.12,-6.72
4.3341,13.2,-6.72
4.3342,13.12,-6.72
4.3343,13.2,-6.72
4.3344,13.2,-6.72
4.3345,13.2,-6.72
4.3346,13.2,-6.72
4.3347,13.2,-6.72
4.3348,13.2,-6.72
4.3349,13.12,-6.72
4.335,13.12,-6.72
4.3351,13.12,-6.72
4.3352,13.2,-6.72
4.3353,13.2,-6.72
4.3354,13.2,-6.72
4.3355,13.2,-6.72
4.3356,13.2,-6.72
4.3357,13.2,-6.72
4.3358,13.2,-6.72
4.3359,13.2,-6.72
4.336,13.2,-6.72
4.3361,13.2,-6.72
4.3362,13.2,-6.72
4.3363,13.2,-6.72
4.3364,13.2,-6.72
4.3365,13.2,-6.72
4.3366,13.2,-6.72
4.3367,13.2,-6.72
4.3368,13.2,-6.72
4.3369,13.2,-6.72
4.337,13.2,-6.72
4.3371,13.28,-6.72
4.3372,13.28,-6.72
4.3373,13.28,-6.72
4.3374,13.28,-6.72
4.3375,13.2,-6.72
4.3376,13.2,-6.72
4.3377,13.28,-6.72
4.3378,13.2,-6.72
4.3379,13.28,-6.72
4.338,13.28,-6.72
4.3381,13.28,-6.72
4.3382,13.28,-6.72
4.3383,13.28,-6.72
4.3384,13.28,-6.72
4.3385,13.28,-6.72
4.3386,13.28,-6.72
4.3387,13.28,-6.72
4.3388,13.28,-6.72
4.3389,13.28,-6.72
4.339,13.28,-6.72
4.3391,13.28,-6.72
4.3392,13.28,-6.72
4.3393,13.28,-6.72
4.3394,13.28,-6.72
4.3395,13.28,-6.72
4.3396,13.28,-6.72
4.3397,13.28,-6.72
4.3398,13.28,-6.72
4.3399,13.28,-6.72
4.34,13.36,-6.72
4.3401,13.28,-6.72
4.3402,13.36,-6.72
4.3403,13.28,-6.72
4.3404,13.28,-6.72
4.3405,13.28,-6.72
4.3406,13.28,-6.72
4.3407,13.36,-6.72
4.3408,13.28,-6.72
4.3409,13.36,-6.72
4.341,13.28,-6.72
4.3411,13.36,-6.72
4.3412,13.36,-6.72
4.3413,13.36,-6.72
4.3414,13.36,-6.72
4.3415,13.36,-6.72
4.3416,13.36,-6.72
4.3417,13.36,-6.72
4.3418,13.36,-6.72
4.3419,13.36,-6.72
4.342,13.36,-6.72
4.3421,13.36,-6.72
4.3422,13.36,-6.72
4.3423,13.36,-6.72
4.3424,13.36,-6.72
4.3425,13.36,-6.72
4.3426,13.36,-6.72
4.3427,13.36,-6.72
4.3428,13.36,-6.72
4.3429,13.36,-6.72
4.343,13.36,-6.72
4.3431,13.36,-6.72
4.3432,13.36,-6.72
4.3433,13.36,-6.72
4.3434,13.36,-6.72
4.3435,13.36,-6.72
4.3436,13.36,-6.72
4.3437,13.36,-6.72
4.3438,13.44,-6.72
4.3439,13.44,-6.72
4.344,13.36,-6.72
4.3441,13.36,-6.72
4.3442,13.36,-6.72
4.3443,13.44,-6.72
4.3444,13.44,-6.72
4.3445,13.44,-6.72
4.3446,13.44,-6.72
4.3447,13.44,-6.72
4.3448,13.44,-6.72
4.3449,13.44,-6.72
4.345,13.36,-6.72
4.3451,13.44,-6.72
4.3452,13.44,-6.72
4.3453,13.44,-6.72
4.3454,13.44,-6.72
4.3455,13.44,-6.72
4.3456,13.44,-6.72
4.3457,13.44,-6.72
4.3458,13.44,-6.72
4.3459,13.44,-6.72
4.346,13.44,-6.72
4.3461,13.44,-6.72
4.3462,13.44,-6.72
4.3463,13.44,-6.72
4.3464,13.44,-6.72
4.3465,13.44,-6.72
4.3466,13.44,-6.72
4.3467,13.44,-6.72
4.3468,13.44,-6.72
4.3469,13.44,-6.72
4.347,13.44,-6.72
4.3471,13.44,-6.72
4.3472,13.44,-6.72
4.3473,13.44,-6.72
4.3474,13.44,-6.72
4.3475,13.52,-6.72
4.3476,13.52,-6.72
4.3477,13.44,-6.72
4.3478,13.44,-6.72
4.3479,13.44,-6.72
4.348,13.44,-6.72
4.3481,13.44,-6.72
4.3482,13.44,-6.72
4.3483,13.52,-6.72
4.3484,13.44,-6.72
4.3485,13.52,-6.72
4.3486,13.44,-6.72
4.3487,13.52,-6.72
4.3488,13.44,-6.72
4.3489,13.44,-6.72
4.349,13.52,-6.72
4.3491,13.52,-6.72
4.3492,13.52,-6.72
4.3493,13.52,-6.72
4.3494,13.52,-6.72
4.3495,13.52,-6.72
4.3496,13.52,-6.72
4.3497,13.44,-6.72
4.3498,13.52,-6.72
4.3499,13.52,-6.72
4.35,13.52,-6.72
4.3501,13.52,-6.72
4.3502,13.52,-6.72
4.3503,13.52,-6.72
4.3504,13.52,-6.72
4.3505,13.52,-6.72
4.3506,13.52,-6.72
4.3507,13.44,-6.72
4.3508,13.52,-6.72
4.3509,13.52,-6.72
4.351,13.52,-6.72
4.3511,13.52,-6.72
4.3512,13.52,-6.72
4.3513,13.6,-6.72
4.3514,13.6,-6.72
4.3515,13.52,-6.72
4.3516,13.52,-6.72
4.3517,13.6,-6.72
4.3518,13.52,-6.72
4.3519,13.52,-6.72
4.352,13.52,-6.72
4.3521,13.52,-6.72
4.3522,13.6,-6.72
4.3523,13.6,-6.72
4.3524,13.6,-6.72
4.3525,13.6,-6.72
4.3526,13.6,-6.72
4.3527,13.6,-6.72
4.3528,13.6,-6.72
4.3529,13.6,-6.72
4.353,13.6,-6.72
4.3531,13.6,-6.72
4.3532,13.6,-6.72
4.3533,13.6,-6.72
4.3534,13.6,-6.72
4.3535,13.6,-6.72
4.3536,13.6,-6.72
4.3537,13.6,-6.72
4.3538,13.52,-6.72
4.3539,13.6,-6.72
4.354,13.68,-6.72
4.3541,13.6,-6.72
4.3542,13.6,-6.72
4.3543,13.68,-6.72
4.3544,13.68,-6.72
4.3545,13.6,-6.72
4.3546,13.68,-6.72
4.3547,13.6,-6.72
4.3548,13.68,-6.72
4.3549,13.6,-6.72
4.355,13.68,-6.72
4.3551,13.68,-6.72
4.3552,13.6,-6.72
4.3553,13.68,-6.72
4.3554,13.6,-6.72
4.3555,13.68,-6.72
4.3556,13.68,-6.72
4.3557,13.6,-6.72
4.3558,13.6,-6.72
4.3559,13.6,-6.72
4.356,13.68,-6.72
4.3561,13.68,-6.72
4.3562,13.68,-6.72
4.3563,13.68,-6.72
4.3564,13.68,-6.72
4.3565,13.6,-6.72
4.3566,13.68,-6.72
4.3567,13.68,-6.72
4.3568,13.68,-6.72
4.3569,13.68,-6.72
4.357,13.68,-6.72
4.3571,13.68,-6.72
4.3572,13.68,-6.72
4.3573,13.68,-6.72
4.3574,13.76,-6.72
4.3575,13.68,-6.72
4.3576,13.76,-6.72
4.3577,13.68,-6.72
4.3578,13.68,-6.72
4.3579,13.68,-6.72
4.358,13.68,-6.72
4.3581,13.68,-6.72
4.3582,13.68,-6.72
4.3583,13.68,-6.72
4.3584,13.76,-6.72
4.3585,13.76,-6.72
4.3586,13.76,-6.72
4.3587,13.76,-6.72
4.3588,13.68,-6.72
4.3589,13.76,-6.72
4.359,13.76,-6.72
4.3591,13.76,-6.72
4.3592,13.76,-6.72
4.3593,13.76,-6.72
4.3594,13.76,-6.72
4.3595,13.76,-6.72
4.3596,13.76,-6.72
4.3597,13.76,-6.72
4.3598,13.76,-6.72
4.3599,13.76,-6.72
4.36,13.76,-6.72
4.3601,13.76,-6.72
4.3602,13.76,-6.72
4.3603,13.76,-6.72
4.3604,13.76,-6.72
4.3605,13.76,-6.72
4.3606,13.76,-6.72
4.3607,13.76,-6.72
4.3608,13.76,-6.72
4.3609,13.76,-6.72
4.361,13.76,-6.72
4.3611,13.76,-6.72
4.3612,13.76,-6.72
4.3613,13.76,-6.72
4.3614,13.76,-6.72
4.3615,13.76,-6.72
4.3616,13.76,-6.72
4.3617,13.76,-6.72
4.3618,13.76,-6.72
4.3619,13.76,-6.72
4.362,13.76,-6.72
4.3621,13.76,-6.72
4.3622,13.76,-6.72
4.3623,13.76,-6.72
4.3624,13.76,-6.72
4.3625,13.76,-6.72
4.3626,13.76,-6.72
4.3627,13.84,-6.72
4.3628,13.76,-6.72
4.3629,13.84,-6.72
4.363,13.76,-6.72
4.3631,13.84,-6.72
4.3632,13.84,-6.72
4.3633,13.76,-6.72
4.3634,13.84,-6.72
4.3635,13.84,-6.72
4.3636,13.84,-6.72
4.3637,13.84,-6.72
4.3638,13.84,-6.72
4.3639,13.84,-6.72
4.364,13.84,-6.72
4.3641,13.84,-6.72
4.3642,13.84,-6.72
4.3643,13.84,-6.72
4.3644,13.84,-6.72
4.3645,13.84,-6.72
4.3646,13.84,-6.72
4.3647,13.84,-6.72
4.3648,13.84,-6.72
4.3649,13.84,-6.72
4.365,13.84,-6.72
4.3651,13.84,-6.72
4.3652,13.84,-6.72
4.3653,13.84,-6.72
4.3654,13.84,-6.72
4.3655,13.84,-6.72
4.3656,13.84,-6.72
4.3657,13.84,-6.72
4.3658,13.92,-6.72
4.3659,13.84,-6.72
4.366,13.92,-6.72
4.3661,13.92,-6.72
4.3662,13.92,-6.72
4.3663,13.84,-6.72
4.3664,13.84,-6.72
4.3665,13.84,-6.72
4.3666,13.84,-6.72
4.3667,13.92,-6.72
4.3668,13.92,-6.72
4.3669,13.92,-6.72
4.367,13.92,-6.72
4.3671,13.92,-6.72
4.3672,13.84,-6.72
4.3673,13.92,-6.72
4.3674,13.92,-6.72
4.3675,13.92,-6.72
4.3676,13.92,-6.72
4.3677,13.92,-6.72
4.3678,13.92,-6.72
4.3679,13.92,-6.72
4.368,13.92,-6.72
4.3681,13.92,-6.72
4.3682,13.92,-6.72
4.3683,13.92,-6.72
4.3684,13.92,-6.72
4.3685,13.92,-6.72
4.3686,13.92,-6.72
4.3687,13.92,-6.72
4.3688,13.92,-6.72
4.3689,14,-6.72
4.369,13.92,-6.72
4.3691,14,-6.72
4.3692,14,-6.72
4.3693,13.92,-6.72
4.3694,14,-6.72
4.3695,13.92,-6.72
4.3696,13.92,-6.72
4.3697,14,-6.72
4.3698,13.92,-6.72
4.3699,14,-6.72
4.37,14,-6.72
4.3701,14,-6.72
4.3702,14,-6.72
4.3703,14,-6.72
4.3704,14,-6.72
4.3705,14,-6.72
4.3706,13.92,-6.72
4.3707,13.92,-6.72
4.3708,14.08,-6.72
4.3709,14,-6.72
4.371,14,-6.72
4.3711,14,-6.72
4.3712,14,-6.72
4.3713,14,-6.72
4.3714,14,-6.72
4.3715,14,-6.72
4.3716,14,-6.72
4.3717,14,-6.72
4.3718,14,-6.72
4.3719,14,-6.72
4.372,14,-6.72
4.3721,14,-6.72
4.3722,14.08,-6.72
4.3723,14,-6.72
4.3724,14,-6.72
4.3725,14,-6.72
4.3726,14.08,-6.72
4.3727,14.08,-6.72
4.3728,14.08,-6.72
4.3729,14.08,-6.72
4.373,14,-6.72
4.3731,14.08,-6.72
4.3732,14.08,-6.72
4.3733,14,-6.72
4.3734,14.08,-6.72
4.3735,14.08,-6.72
4.3736,14,-6.72
4.3737,14,-6.72
4.3738,14.08,-6.72
4.3739,14.08,-6.72
4.374,14.08,-6.72
4.3741,14.08,-6.72
4.3742,14.08,-6.72
4.3743,14.08,-6.72
4.3744,14.08,-6.72
4.3745,14.08,-6.72
4.3746,14.08,-6.72
4.3747,14.08,-6.72
4.3748,14.08,-6.72
4.3749,14.08,-6.72
4.375,14.08,-6.72
4.3751,14.08,-6.72
4.3752,14.08,-6.72
4.3753,14.08,-6.72
4.3754,14.08,-6.72
4.3755,14.08,-6.72
4.3756,14.08,-6.72
4.3757,14.08,-6.72
4.3758,14.08,-6.72
4.3759,14.08,-6.72
4.376,14.08,-6.72
4.3761,14.08,-6.72
4.3762,14.08,-6.72
4.3763,14.08,-6.72
4.3764,14.08,-6.72
4.3765,14.08,-6.72
4.3766,14.08,-6.72
4.3767,14.08,-6.72
4.3768,14.16,-6.72
4.3769,14.16,-6.72
4.377,14.16,-6.72
4.3771,14.16,-6.72
4.3772,14.16,-6.72
4.3773,14.16,-6.72
4.3774,14.08,-6.72
4.3775,14.08,-6.72
4.3776,14.16,-6.72
4.3777,14.08,-6.72
4.3778,14.08,-6.72
4.3779,14.16,-6.72
4.378,14.16,-6.72
4.3781,14.16,-6.72
4.3782,14.16,-6.72
4.3783,14.16,-6.72
4.3784,14.16,-6.72
4.3785,14.16,-6.72
4.3786,14.16,-6.72
4.3787,14.08,-6.72
4.3788,14.16,-6.72
4.3789,14.16,-6.72
4.379,14.16,-6.72
4.3791,14.16,-6.72
4.3792,14.16,-6.72
4.3793,14.16,-6.72
4.3794,14.16,-6.72
4.3795,14.16,-6.72
4.3796,14.08,-6.72
4.3797,14.16,-6.72
4.3798,14.24,-6.72
4.3799,14.16,-6.72
4.38,14.16,-6.72
4.3801,14.16,-6.72
4.3802,14.24,-6.72
4.3803,14.16,-6.72
4.3804,14.16,-6.72
4.3805,14.16,-6.72
4.3806,14.16,-6.72
4.3807,14.16,-6.72
4.3808,14.24,-6.72
4.3809,14.24,-6.72
4.381,14.24,-6.72
4.3811,14.24,-6.72
4.3812,14.24,-6.72
4.3813,14.24,-6.72
4.3814,14.16,-6.72
4.3815,14.24,-6.72
4.3816,14.24,-6.72
4.3817,14.24,-6.72
4.3818,14.24,-6.72
4.3819,14.24,-6.72
4.382,14.24,-6.72
4.3821,14.24,-6.72
4.3822,14.24,-6.72
4.3823,14.24,-6.72
4.3824,14.24,-6.72
4.3825,14.16,-6.72
4.3826,14.24,-6.72
4.3827,14.24,-6.72
4.3828,14.24,-6.72
4.3829,14.24,-6.72
4.383,14.24,-6.72
4.3831,14.24,-6.72
4.3832,14.24,-6.72
4.3833,14.32,-6.72
4.3834,14.24,-6.72
4.3835,14.24,-6.72
4.3836,14.32,-6.72
4.3837,14.24,-6.72
4.3838,14.24,-6.72
4.3839,14.32,-6.72
4.384,14.24,-6.72
4.3841,14.32,-6.72
4.3842,14.24,-6.72
4.3843,14.32,-6.72
4.3844,14.24,-6.72
4.3845,14.32,-6.72
4.3846,14.24,-6.72
4.3847,14.24,-6.72
4.3848,14.32,-6.72
4.3849,14.24,-6.72
4.385,14.32,-6.72
4.3851,14.32,-6.72
4.3852,14.32,-6.72
4.3853,14.32,-6.72
4.3854,14.24,-6.72
4.3855,14.24,-6.72
4.3856,14.24,-6.72
4.3857,14.24,-6.72
4.3858,14.24,-6.72
4.3859,14.32,-6.72
4.386,14.32,-6.72
4.3861,14.32,-6.72
4.3862,14.24,-6.72
4.3863,14.24,-6.72
4.3864,14.24,-6.72
4.3865,14.32,-6.72
4.3866,14.24,-6.72
4.3867,14.32,-6.72
4.3868,14.32,-6.72
4.3869,14.24,-6.72
4.387,14.24,-6.72
4.3871,14.32,-6.72
4.3872,14.32,-6.72
4.3873,14.24,-6.72
4.3874,14.24,-6.72
4.3875,14.24,-6.72
4.3876,14.32,-6.72
4.3877,14.24,-6.72
4.3878,14.24,-6.72
4.3879,14.24,-6.72
4.388,14.24,-6.72
4.3881,14.32,-6.72
4.3882,14.32,-6.72
4.3883,14.24,-6.72
4.3884,14.24,-6.72
4.3885,14.24,-6.72
4.3886,14.32,-6.72
4.3887,14.24,-6.72
4.3888,14.24,-6.72
4.3889,14.24,-6.72
4.389,14.24,-6.72
4.3891,14.24,-6.72
4.3892,14.24,-6.72
4.3893,14.24,-6.72
4.3894,14.24,-6.72
4.3895,14.24,-6.72
4.3896,14.24,-6.72
4.3897,14.24,-6.72
4.3898,14.24,-6.72
4.3899,14.32,-6.72
4.39,14.24,-6.72
4.3901,14.24,-6.72
4.3902,14.24,-6.72
4.3903,14.24,-6.72
4.3904,14.32,-6.72
4.3905,14.24,-6.72
4.3906,14.32,-6.72
4.3907,14.24,-6.72
4.3908,14.24,-6.72
4.3909,14.32,-6.72
4.391,14.32,-6.72
4.3911,14.24,-6.72
4.3912,14.24,-6.72
4.3913,14.24,-6.72
4.3914,14.32,-6.72
4.3915,14.24,-6.72
4.3916,14.32,-6.72
4.3917,14.24,-6.72
4.3918,14.24,-6.72
4.3919,14.32,-6.72
4.392,14.24,-6.72
4.3921,14.24,-6.72
4.3922,14.24,-6.72
4.3923,14.24,-6.72
4.3924,14.32,-6.72
4.3925,14.24,-6.72
4.3926,14.32,-6.72
4.3927,14.32,-6.72
4.3928,14.24,-6.72
4.3929,14.24,-6.72
4.393,14.24,-6.72
4.3931,14.24,-6.72
4.3932,14.24,-6.72
4.3933,14.24,-6.72
4.3934,14.24,-6.72
4.3935,14.32,-6.72
4.3936,14.24,-6.72
4.3937,14.32,-6.72
4.3938,14.32,-6.72
4.3939,14.32,-6.72
4.394,14.24,-6.72
4.3941,14.24,-6.72
4.3942,14.24,-6.72
4.3943,14.32,-6.72
4.3944,14.32,-6.72
4.3945,14.24,-6.72
4.3946,14.32,-6.72
4.3947,14.24,-6.72
4.3948,14.24,-6.72
4.3949,14.32,-6.72
4.395,14.24,-6.72
4.3951,14.32,-6.72
4.3952,14.32,-6.72
4.3953,14.32,-6.72
4.3954,14.24,-6.72
4.3955,14.24,-6.72
4.3956,14.32,-6.72
4.3957,14.32,-6.72
4.3958,14.32,-6.72
4.3959,14.24,-6.72
4.396,14.32,-6.72
4.3961,14.24,-6.72
4.3962,14.24,-6.72
4.3963,14.32,-6.72
4.3964,14.24,-6.72
4.3965,14.24,-6.72
4.3966,14.24,-6.72
4.3967,14.24,-6.72
4.3968,14.32,-6.72
4.3969,14.24,-6.72
4.397,14.32,-6.72
4.3971,14.24,-6.72
4.3972,14.24,-6.72
4.3973,14.24,-6.72
4.3974,14.24,-6.72
4.3975,14.32,-6.72
4.3976,14.24,-6.72
4.3977,14.24,-6.72
4.3978,14.24,-6.72
4.3979,14.24,-6.72
4.398,14.24,-6.72
4.3981,14.24,-6.72
4.3982,14.24,-6.72
4.3983,14.24,-6.72
4.3984,14.32,-6.72
4.3985,14.24,-6.72
4.3986,14.24,-6.72
4.3987,14.24,-6.72
4.3988,14.24,-6.72
4.3989,14.32,-6.72
4.399,14.24,-6.72
4.3991,14.32,-6.72
4.3992,14.24,-6.72
4.3993,14.32,-6.72
4.3994,14.24,-6.72
4.3995,14.24,-6.72
4.3996,14.32,-6.72
4.3997,14.24,-6.72
4.3998,14.24,-6.72
4.3999,14.32,-6.72
4.4,14.24,-6.72
4.4001,14.24,-6.72
4.4002,14.24,-6.72
4.4003,14.24,-6.72
4.4004,14.24,-6.72
4.4005,14.32,-6.72
4.4006,14.24,-6.72
4.4007,14.32,-6.72
4.4008,14.24,-6.72
4.4009,14.24,-6.72
4.401,14.24,-6.72
4.4011,14.24,-6.72
4.4012,14.24,-6.72
4.4013,14.24,-6.72
4.4014,14.24,-6.72
4.4015,14.24,-6.72
4.4016,14.24,-6.72
4.4017,14.24,-6.72
4.4018,14.32,-6.72
4.4019,14.32,-6.72
4.402,14.32,-6.72
4.4021,14.24,-6.72
4.4022,14.24,-6.72
4.4023,14.24,-6.72
4.4024,14.24,-6.72
4.4025,14.24,-6.72
4.4026,14.24,-6.72
4.4027,14.24,-6.72
4.4028,14.32,-6.72
4.4029,14.24,-6.72
4.403,14.24,-6.72
4.4031,14.32,-6.72
4.4032,14.32,-6.72
4.4033,14.24,-6.72
4.4034,14.32,-6.72
4.4035,14.24,-6.72
4.4036,14.32,-6.72
4.4037,14.24,-6.72
4.4038,14.24,-6.72
4.4039,14.24,-6.72
4.404,14.24,-6.72
4.4041,14.24,-6.72
4.4042,14.32,-6.72
4.4043,14.32,-6.72
4.4044,14.32,-6.72
4.4045,14.24,-6.72
4.4046,14.24,-6.72
4.4047,14.24,-6.72
4.4048,14.24,-6.72
4.4049,14.24,-6.72
4.405,14.32,-6.72
4.4051,14.24,-6.72
4.4052,14.32,-6.72
4.4053,14.32,-6.72
4.4054,14.24,-6.72
4.4055,14.24,-6.72
4.4056,14.24,-6.72
4.4057,14.32,-6.72
4.4058,14.24,-6.72
4.4059,14.24,-6.72
4.406,14.24,-6.72
4.4061,14.24,-6.72
4.4062,14.24,-6.72
4.4063,14.24,-6.72
4.4064,14.24,-6.72
4.4065,14.24,-6.72
4.4066,14.24,-6.72
4.4067,14.24,-6.72
4.4068,14.24,-6.72
4.4069,14.24,-6.72
4.407,14.24,-6.72
4.4071,14.32,-6.72
4.4072,14.24,-6.72
4.4073,14.32,-6.72
4.4074,14.24,-6.72
4.4075,14.32,-6.72
4.4076,14.24,-6.72
4.4077,14.32,-6.72
4.4078,14.24,-6.72
4.4079,14.24,-6.72
4.408,14.24,-6.72
4.4081,14.32,-6.72
4.4082,14.24,-6.72
4.4083,14.24,-6.72
4.4084,14.24,-6.72
4.4085,14.32,-6.72
4.4086,14.24,-6.72
4.4087,14.32,-6.72
4.4088,14.24,-6.72
4.4089,14.24,-6.72
4.409,14.24,-6.72
4.4091,14.24,-6.72
4.4092,14.32,-6.72
4.4093,14.24,-6.72
4.4094,14.24,-6.72
4.4095,14.24,-6.72
4.4096,14.24,-6.72
4.4097,14.24,-6.72
4.4098,14.32,-6.72
4.4099,14.24,-6.72
4.41,14.24,-6.72
4.4101,14.32,-6.72
4.4102,14.32,-6.72
4.4103,14.24,-6.72
4.4104,14.24,-6.72
4.4105,14.32,-6.72
4.4106,14.32,-6.72
4.4107,14.24,-6.72
4.4108,14.24,-6.72
4.4109,14.24,-6.72
4.411,14.24,-6.72
4.4111,14.24,-6.72
4.4112,14.32,-6.72
4.4113,14.24,-6.72
4.4114,14.32,-6.72
4.4115,14.24,-6.72
4.4116,14.24,-6.72
4.4117,14.24,-6.72
4.4118,14.24,-6.72
4.4119,14.24,-6.72
4.412,14.24,-6.72
4.4121,14.24,-6.72
4.4122,14.24,-6.72
4.4123,14.24,-6.72
4.4124,14.24,-6.72
4.4125,14.24,-6.72
4.4126,14.32,-6.72
4.4127,14.24,-6.72
4.4128,14.32,-6.72
4.4129,14.24,-6.72
4.413,14.24,-6.72
4.4131,14.24,-6.72
4.4132,14.24,-6.72
4.4133,14.24,-6.72
4.4134,14.24,-6.72
4.4135,14.24,-6.72
4.4136,14.24,-6.72
4.4137,14.32,-6.72
4.4138,14.24,-6.72
4.4139,14.32,-6.72
4.414,14.24,-6.72
4.4141,14.24,-6.72
4.4142,14.24,-6.72
4.4143,14.24,-6.72
4.4144,14.24,-6.72
4.4145,14.24,-6.72
4.4146,14.24,-6.72
4.4147,14.24,-6.72
4.4148,14.24,-6.72
4.4149,14.24,-6.72
4.415,14.32,-6.72
4.4151,14.32,-6.72
4.4152,14.32,-6.72
4.4153,14.24,-6.72
4.4154,14.24,-6.72
4.4155,14.32,-6.72
4.4156,14.32,-6.72
4.4157,14.32,-6.72
4.4158,14.24,-6.72
4.4159,14.24,-6.72
4.416,14.24,-6.72
4.4161,14.24,-6.72
4.4162,14.24,-6.72
4.4163,14.24,-6.72
4.4164,14.32,-6.72
4.4165,14.24,-6.72
4.4166,14.24,-6.72
4.4167,14.24,-6.72
4.4168,14.24,-6.72
4.4169,14.32,-6.72
4.417,14.24,-6.72
4.4171,14.24,-6.72
4.4172,14.32,-6.72
4.4173,14.24,-6.72
4.4174,14.32,-6.72
4.4175,14.32,-6.72
4.4176,14.24,-6.72
4.4177,14.32,-6.72
4.4178,14.24,-6.72
4.4179,14.32,-6.72
4.418,14.24,-6.72
4.4181,14.24,-6.72
4.4182,14.24,-6.72
4.4183,14.24,-6.72
4.4184,14.24,-6.72
4.4185,14.24,-6.72
4.4186,14.24,-6.72
4.4187,14.24,-6.72
4.4188,14.32,-6.72
4.4189,14.24,-6.72
4.419,14.24,-6.72
4.4191,14.24,-6.72
4.4192,14.24,-6.72
4.4193,14.32,-6.72
4.4194,14.24,-6.72
4.4195,14.24,-6.72
4.4196,14.24,-6.72
4.4197,14.24,-6.72
4.4198,14.24,-6.72
4.4199,14.24,-6.72
4.42,14.24,-6.72
4.4201,14.24,-6.72
4.4202,14.32,-6.72
4.4203,14.24,-6.72
4.4204,14.24,-6.72
4.4205,14.32,-6.72
4.4206,14.24,-6.72
4.4207,14.24,-6.72
4.4208,14.32,-6.72
4.4209,14.24,-6.72
4.421,14.24,-6.72
4.4211,14.24,-6.72
4.4212,14.32,-6.72
4.4213,14.24,-6.72
4.4214,14.32,-6.72
4.4215,14.24,-6.72
4.4216,14.24,-6.72
4.4217,14.24,-6.72
4.4218,14.24,-6.72
4.4219,14.24,-6.72
4.422,14.32,-6.72
4.4221,14.24,-6.72
4.4222,14.24,-6.72
4.4223,14.24,-6.72
4.4224,14.24,-6.72
4.4225,14.24,-6.72
4.4226,14.32,-6.72
4.4227,14.24,-6.72
4.4228,14.32,-6.72
4.4229,14.24,-6.72
